Workbook

Sheet CONDUITS
A1: [CONDUITS]
A2: ;;Name | B2: From Node | C2: To Node | D2: Length | E2: Roughness | F2: InOffset | G2: OutOffset | H2: InitFlow | I2: MaxFlow
A3: ;;-------------- | B3: ---------------- | C3: ---------------- | D3: ---------- | E3: ---------- | F3: ---------- | G3: ---------- | H3: ---------- | I3: ----------
A4: 158 | B4: 240 | C4: 347 | D4: 250 | E4: 0.01 | F4: 0 | G4: 0 | H4: 0 | I4: 0
A5: 163 | B5: 245 | C5: 240 | D5: 85 | E5: 0.01 | F5: 0 | G5: 2.0105 | H5: 0 | I5: 0
A6: 156 | B6: 239 | C6: 240 | D6: 220 | E6: 0.01 | F6: 0 | G6: 0.5 | H6: 0 | I6: 0
A7: 153 | B7: 236 | C7: 240 | D7: 85 | E7: 0.01 | F7: 0 | G7: 1.3035 | H7: 0 | I7: 0
A8: 152 | B8: 235 | C8: 236 | D8: 200 | E8: 0.01 | F8: 0 | G8: 1.9675 | H8: 0 | I8: 0
A9: 149 | B9: 232 | C9: 236 | D9: 85 | E9: 0.01 | F9: 0 | G9: 0 | H9: 0 | I9: 0
A10: 161 | B10: 243 | C10: 239 | D10: 80 | E10: 0.01 | F10: 0 | G10: 5.007 | H10: 0 | I10: 0
A11: 155 | B11: 238 | C11: 239 | D11: 210 | E11: 0.01 | F11: 0 | G11: 0 | H11: 0 | I11: 0
A12: 169 | B12: 250 | C12: 245 | D12: 85 | E12: 0.01 | F12: 0 | G12: 0 | H12: 0 | I12: 0
A13: 162 | B13: 244 | C13: 245 | D13: 170 | E13: 0.01 | F13: 0 | G13: 4.437 | H13: 0 | I13: 0
A14: 148 | B14: 231 | C14: 232 | D14: 190 | E14: 0.01 | F14: 0 | G14: 1.6 | H14: 0 | I14: 0
A15: 144 | B15: 228 | C15: 232 | D15: 85 | E15: 0.01 | F15: 0 | G15: 0.0915 | H15: 0 | I15: 0
... A18: 160 | B18: 242 | C18: 243 | D18: 215 | E18: 0.01 | F18: 0 | G18: 0.13 | H18: 0 | I18: 0
A19: 450 | B19: z_0512_001_101 | C19: 244 | D19: 70 | E19: 0.01 | F19: 0 | G19: 0 | H19: 0 | I19: 0
A20: 177 | B20: 258 | C20: 250 | D20: 160 | E20: 0.01 | F20: 0 | G20: 0 | H20: 0 | I20: 0
A21: 167 | B21: 249 | C21: 250 | D21: 155 | E21: 0.01 | F21: 0 | G21: 0.9545 | H21: 0 | I21: 0
A22: 143 | B22: 227 | C22: 228 | D22: 185 | E22: 0.01 | F22: 0 | G22: 2.0895 | H22: 0 | I22: 0
A23: 137 | B23: 221 | C23: 228 | D23: 85 | E23: 0.01 | F23: 0 | G23: 0 | H23: 0 | I23: 0
A24: 147 | B24: 230 | C24: 231 | D24: 190 | E24: 0.01 | F24: 0 | G24: 0 | H24: 0 | I24: 0
A25: 150 | B25: 233 | C25: 234 | D25: 200 | E25: 0.01 | F25: 0 | G25: 0.05 | H25: 0 | I25: 0
A26: 448 | B26: z_0512_001_099 | C26: 237 | D26: 80 | E26: 0.01 | F26: 0 | G26: 6.101 | H26: 0 | I26: 0
A27: 159 | B27: 241 | C27: 237 | D27: 80 | E27: 0.01 | F27: 0 | G27: 0.9 | H27: 0 | I27: 0
A28: 87 | B28: 177 | C28: 237 | D28: 220 | E28: 0.01 | F28: 0 | G28: 0.205786 | H28: 0 | I28: 0
A29: 449 | B29: z_0512_001_100 | C29: 242 | D29: 215 | E29: 0.01 | F29: 0 | G29: 0.05 | H29: 0 | I29: 0
A30: 451 | B30: z_0512_001_102 | C30: 249 | D30: 90 | E30: 0.01 | F30: 0 | G30: 3.5125 | H30: 0 | I30: 0
A31: 166 | B31: 248 | C31: 249 | D31: 215 | E31: 0.01 | F31: 0 | G31: 0 | H31: 0 | I31: 0
A32: 183 | B32: 263 | C32: 258 | D32: 80 | E32: 0.01 | F32: 0 | G32: 0 | H32: 0 | I32: 0
A33: 176 | B33: 257 | C33: 258 | D33: 200 | E33: 0.01 | F33: 0 | G33: 3.5905 | H33: 0 | I33: 0
A34: 138 | B34: 222 | C34: 221 | D34: 170 | E34: 0.01 | F34: 0 | G34: 2.199 | H34: 0 | I34: 0
A35: 136 | B35: 220 | C35: 221 | D35: 85 | E35: 0.01 | F35: 0 | G35: 0.5 | H35: 0 | I35: 0
A36: 142 | B36: 226 | C36: 227 | D36: 185 | E36: 0.01 | F36: 0 | G36: 0 | H36: 0 | I36: 0
A37: 145 | B37: 229 | C37: 230 | D37: 190 | E37: 0.01 | F37: 0 | G37: 0 | H37: 0 | I37: 0
A38: 446 | B38: z_0512_001_097 | C38: 233 | D38: 80 | E38: 0.01 | F38: 0 | G38: 2.0155 | H38: 0 | I38: 0
A39: 88 | B39: 178 | C39: 233 | D39: 220 | E39: 0.01 | F39: 0 | G39: 0 | H39: 0 | I39: 0
A40: 86 | B40: 176 | C40: 177 | D40: 80 | E40: 0.01 | F40: 0 | G40: 0.3 | H40: 0 | I40: 0
A41: 48 | B41: 141 | C41: 177 | D41: 225 | E41: 0.01 | F41: 0 | G41: 1.111714 | H41: 0 | I41: 0
A42: 419 | B42: z_0512_001_070 | C42: 241 | D42: 220 | E42: 0.01 | F42: 0 | G42: 4.659 | H42: 0 | I42: 0
A43: 164 | B43: 246 | C43: 241 | D43: 80 | E43: 0.01 | F43: 0 | G43: 0 | H43: 0 | I43: 0
A44: 172 | B44: 253 | C44: 248 | D44: 80 | E44: 0.01 | F44: 0 | G44: 0 | H44: 0 | I44: 0
A45: 165 | B45: 247 | C45: 248 | D45: 165 | E45: 0.01 | F45: 0 | G45: 2.408 | H45: 0 | I45: 0
A46: 456 | B46: z_0512_001_107 | C46: 257 | D46: 200 | E46: 0.01 | F46: 0 | G46: 0 | H46: 0 | I46: 0
A47: 188 | B47: 268 | C47: 263 | D47: 80 | E47: 0.01 | F47: 0 | G47: 0 | H47: 0 | I47: 0
A48: 182 | B48: 262 | C48: 263 | D48: 200 | E48: 0.01 | F48: 0 | G48: 4.0345 | H48: 0 | I48: 0
A49: 276 | B49: 348 | C49: 220 | D49: 250 | E49: 0.01 | F49: 0 | G49: 4.362 | H49: 0 | I49: 0
A50: 134 | B50: 219 | C50: 220 | D50: 155 | E50: 0.01 | F50: 0 | G50: 0.591 | H50: 0 | I50: 0
A51: 128 | B51: 213 | C51: 220 | D51: 110 | E51: 0.01 | F51: 0 | G51: 0.9 | H51: 0 | I51: 0
A52: 139 | B52: 223 | C52: 222 | D52: 170 | E52: 0.01 | F52: 0 | G52: 0 | H52: 0 | I52: 0
A53: 141 | B53: 225 | C53: 226 | D53: 185 | E53: 0.01 | F53: 0 | G53: 0 | H53: 0 | I53: 0
A54: 445 | B54: z_0512_001_096 | C54: 229 | D54: 80 | E54: 0.01 | F54: 0 | G54: 2.6085 | H54: 0 | I54: 0
A55: 89 | B55: 179 | C55: 229 | D55: 220 | E55: 0.01 | F55: 0 | G55: 0 | H55: 0 | I55: 0
A56: 420 | B56: z_0512_001_071 | C56: 178 | D56: 80 | E56: 0.01 | F56: 0 | G56: 1.3775 | H56: 0 | I56: 0
A57: 49 | B57: 142 | C57: 178 | D57: 225 | E57: 0.01 | F57: 0 | G57: 0 | H57: 0 | I57: 0
A58: 374 | B58: z_0512_001_025 | C58: 141 | D58: 80 | E58: 0.01 | F58: 0 | G58: 4.4275 | H58: 0 | I58: 0
A59: 47 | B59: 140 | C59: 141 | D59: 80 | E59: 0.01 | F59: 0 | G59: 0 | H59: 0 | I59: 0
A60: 23 | B60: 119 | C60: 141 | D60: 250 | E60: 0.01 | F60: 0 | G60: 2.9285 | H60: 0 | I60: 0
A61: 85 | B61: 175 | C61: 176 | D61: 80 | E61: 0.01 | F61: 0 | G61: 0 | H61: 0 | I61: 0
A62: 417 | B62: z_0512_001_068 | C62: 246 | D62: 220 | E62: 0.01 | F62: 0 | G62: 4.507 | H62: 0 | I62: 0
A63: 170 | B63: 251 | C63: 246 | D63: 80 | E63: 0.01 | F63: 0 | G63: 0 | H63: 0 | I63: 0
A64: 452 | B64: z_0512_001_103 | C64: 247 | D64: 165 | E64: 0.01 | F64: 0 | G64: 0 | H64: 0 | I64: 0
A65: 175 | B65: 256 | C65: 253 | D65: 80 | E65: 0.01 | F65: 0 | G65: 0.07 | H65: 0 | I65: 0
A66: 171 | B66: 252 | C66: 253 | D66: 165 | E66: 0.01 | F66: 0 | G66: 2.256 | H66: 0 | I66: 0
A67: 195 | B67: 274 | C67: 268 | D67: 165 | E67: 0.01 | F67: 0 | G67: 0.4 | H67: 0 | I67: 0
A68: 187 | B68: 267 | C68: 268 | D68: 200 | E68: 0.01 | F68: 0 | G68: 0.8635 | H68: 0 | I68: 0
A69: 129 | B69: 214 | C69: 213 | D69: 160 | E69: 0.01 | F69: 0 | G69: 2.869 | H69: 0 | I69: 0
A70: 127 | B70: 212 | C70: 213 | D70: 160 | E70: 0.01 | F70: 0 | G70: 0 | H70: 0 | I70: 0
A71: 133 | B71: 218 | C71: 219 | D71: 155 | E71: 0.01 | F71: 0 | G71: 0 | H71: 0 | I71: 0
A72: 140 | B72: 224 | C72: 223 | D72: 160 | E72: 0.01 | F72: 0 | G72: 0 | H72: 0 | I72: 0
A73: 444 | B73: z_0512_001_095 | C73: 225 | D73: 80 | E73: 0.01 | F73: 0 | G73: 1.7835 | H73: 0 | I73: 0
A74: 91 | B74: 180 | C74: 225 | D74: 220 | E74: 0.01 | F74: 0 | G74: 0 | H74: 0 | I74: 0
A75: 421 | B75: z_0512_001_072 | C75: 179 | D75: 80 | E75: 0.01 | F75: 0 | G75: 2.0585 | H75: 0 | I75: 0
A76: 50 | B76: 143 | C76: 179 | D76: 225 | E76: 0.01 | F76: 0 | G76: 0 | H76: 0 | I76: 0
A77: 375 | B77: z_0512_001_026 | C77: 142 | D77: 80 | E77: 0.01 | F77: 0 | G77: 0.725 | H77: 0 | I77: 0
A78: 22 | B78: 118 | C78: 142 | D78: 250 | E78: 0.01 | F78: 0 | G78: 0 | H78: 0 | I78: 0
A79: 365 | B79: z_0512_001_016 | C79: 119 | D79: 40 | E79: 0.01 | F79: 0 | G79: 1.19 | H79: 0 | I79: 0
A80: 348 | B80: 98 | C80: 119 | D80: 215 | E80: 0.01 | F80: 0 | G80: 0 | H80: 0 | I80: 0
A81: 418 | B81: z_0512_001_069 | C81: 140 | D81: 225 | E81: 0.01 | F81: 0 | G81: 3.951 | H81: 0 | I81: 0
A82: 45 | B82: 139 | C82: 140 | D82: 80 | E82: 0.01 | F82: 0 | G82: 0.9715 | H82: 0 | I82: 0
A83: 25 | B83: 120 | C83: 140 | D83: 240 | E83: 0.01 | F83: 0 | G83: 0 | H83: 0 | I83: 0
A84: 84 | B84: 174 | C84: 175 | D84: 80 | E84: 0.01 | F84: 0 | G84: 0 | H84: 0 | I84: 0
A85: 415 | B85: z_0512_001_066 | C85: 251 | D85: 220 | E85: 0.01 | F85: 0 | G85: 4.355 | H85: 0 | I85: 0
A86: 173 | B86: 254 | C86: 251 | D86: 80 | E86: 0.01 | F86: 0 | G86: 0 | H86: 0 | I86: 0
A87: 453 | B87: z_0512_001_104 | C87: 252 | D87: 165 | E87: 0.01 | F87: 0 | G87: 0 | H87: 0 | I87: 0
A88: 181 | B88: 261 | C88: 256 | D88: 80 | E88: 0.01 | F88: 0 | G88: 0 | H88: 0 | I88: 0
A89: 174 | B89: 255 | C89: 256 | D89: 165 | E89: 0.01 | F89: 0 | G89: 1.986 | H89: 0 | I89: 0
A90: 460 | B90: z_0512_001_111 | C90: 267 | D90: 200 | E90: 0.01 | F90: 0 | G90: 2.695 | H90: 0 | I90: 0
A91: 194 | B91: 273 | C91: 267 | D91: 160 | E91: 0.01 | F91: 0 | G91: 0 | H91: 0 | I91: 0
A92: 464 | B92: z_0512_001_115 | C92: 274 | D92: 200 | E92: 0.01 | F92: 0 | G92: 3.02 | H92: 0 | I92: 0
A93: 216 | B93: 293 | C93: 274 | D93: 115 | E93: 0.01 | F93: 0 | G93: 0 | H93: 0 | I93: 0
A94: 126 | B94: 211 | C94: 212 | D94: 130 | E94: 0.01 | F94: 0 | G94: 2.2345 | H94: 0 | I94: 0
A95: 120 | B95: 206 | C95: 212 | D95: 85 | E95: 0.01 | F95: 0 | G95: 0.2 | H95: 0 | I95: 0
A96: 439 | B96: z_0512_001_090 | C96: 214 | D96: 160 | E96: 0.01 | F96: 0 | G96: 0.203 | H96: 0 | I96: 0
A97: 131 | B97: 216 | C97: 214 | D97: 230 | E97: 0.01 | F97: 0 | G97: 0 | H97: 0 | I97: 0
A98: 132 | B98: 217 | C98: 218 | D98: 155 | E98: 0.01 | F98: 0 | G98: 0.3 | H98: 0 | I98: 0
A99: 443 | B99: z_0512_001_094 | C99: 224 | D99: 80 | E99: 0.01 | F99: 0 | G99: 2.274 | H99: 0 | I99: 0
A100: 92 | B100: 181 | C100: 224 | D100: 220 | E100: 0.01 | F100: 0 | G100: 0.07 | H100: 0 | I100: 0
A101: 422 | B101: z_0512_001_073 | C101: 180 | D101: 80 | E101: 0.01 | F101: 0 | G101: 1.1455 | H101: 0 | I101: 0
A102: 51 | B102: 144 | C102: 180 | D102: 225 | E102: 0.01 | F102: 0 | G102: 0 | H102: 0 | I102: 0
...

Sheet XSECTIONS
A1: [XSECTIONS]
A2: ;;Link | B2: Shape | C2: Geom1 | D2: Geom2 | E2: Geom3 | F2: Geom4 | G2: Barrels Culvert
A3: ;;-------------- | B3: ------------ | C3: ---------------- | D3: ---------- | E3: ---------- | F3: ---------- | G3: ---------- ----------
A4: 158 | B4: CIRCULAR | C4: 2 | D4: 0 | E4: 0 | F4: 0 | G4: 1
A5: 163 | B5: CIRCULAR | C5: 0.8 | D5: 0 | E5: 0 | F5: 0 | G5: 1
A6: 156 | B6: CIRCULAR | C6: 1.5 | D6: 0 | E6: 0 | F6: 0 | G6: 1
A7: 153 | B7: CIRCULAR | C7: 2 | D7: 0 | E7: 0 | F7: 0 | G7: 1
A8: 152 | B8: CIRCULAR | C8: 0.4 | D8: 0 | E8: 0 | F8: 0 | G8: 1
A9: 149 | B9: CIRCULAR | C9: 2 | D9: 0 | E9: 0 | F9: 0 | G9: 1
A10: 161 | B10: CIRCULAR | C10: 0.53 | D10: 0 | E10: 0 | F10: 0 | G10: 1
A11: 155 | B11: CIRCULAR | C11: 1.5 | D11: 0 | E11: 0 | F11: 0 | G11: 1
A12: 169 | B12: CIRCULAR | C12: 0.8 | D12: 0 | E12: 0 | F12: 0 | G12: 1
A13: 162 | B13: CIRCULAR | C13: 0.35 | D13: 0 | E13: 0 | F13: 0 | G13: 1
A14: 148 | B14: CIRCULAR | C14: 0.4 | D14: 0 | E14: 0 | F14: 0 | G14: 1
A15: 144 | B15: CIRCULAR | C15: 2 | D15: 0 | E15: 0 | F15: 0 | G15: 1
... A533: 269 | B533: CIRCULAR | C533: 0.35 | D533: 0 | E533: 0 | F533: 0 | G533: 1

Sheet Capacity
A1: [Capacity] | E1: D-Max | F1: =MAX(C3:C532) -> 2 | G1: D-Min | H1: =MIN(C3:C532) -> 0.35 | K1: 2
A2: ;;Link | B2: Length(m) | C2: Geom1(m) | D2: Capacity | F2: Weighted-D | J2: Geom1(m) | K2: 1.5
A3: 158 | B3: 250 | C3: 2 | D3: =3.1415926*$B3*(($C3/2)^2) -> 785.39815 | F3: =$C3/$F$1 -> 1 | J3: 2 | K3: 1.2
A4: 163 | B4: 85 | C4: 0.8 | D4: =3.1415926*$B4*(($C4/2)^2) -> 42.725659 | F4: =$C4/$F$1 -> 0.4 | J4: 0.8 | K4: 1
A5: 156 | B5: 220 | C5: 1.5 | D5: =3.1415926*$B5*(($C5/2)^2) -> 388.77208 | F5: =$C5/$F$1 -> 0.75 | J5: 1.5 | K5: 0.8
A6: 153 | B6: 85 | C6: 2 | D6: =3.1415926*$B6*(($C6/2)^2) -> 267.03537 | F6: =$C6/$F$1 -> 1 | J6: 0.4 | K6: 0.6
A7: 152 | B7: 200 | C7: 0.4 | D7: =3.1415926*$B7*(($C7/2)^2) -> 25.132741 | F7: =$C7/$F$1 -> 0.2 | J7: 0.53 | K7: 0.53
A8: 149 | B8: 85 | C8: 2 | D8: =3.1415926*$B8*(($C8/2)^2) -> 267.03537 | F8: =$C8/$F$1 -> 1 | J8: 0.35 | K8: 0.4
A9: 161 | B9: 80 | C9: 0.53 | D9: =3.1415926*$B9*(($C9/2)^2) -> 17.649467 | F9: =$C9/$F$1 -> 0.265 | J9: 0.6 | K9: 0.35
A10: 155 | B10: 210 | C10: 1.5 | D10: =3.1415926*$B10*(($C10/2)^2) -> 371.10063 | F10: =$C10/$F$1 -> 0.75 | J10: 1.2
A11: 169 | B11: 85 | C11: 0.8 | D11: =3.1415926*$B11*(($C11/2)^2) -> 42.725659 | F11: =$C11/$F$1 -> 0.4 | J11: 1
A12: 162 | B12: 170 | C12: 0.35 | D12: =3.1415926*$B12*(($C12/2)^2) -> 16.355916 | F12: =$C12/$F$1 -> 0.175
A13: 148 | B13: 190 | C13: 0.4 | D13: =3.1415926*$B13*(($C13/2)^2) -> 23.876104 | F13: =$C13/$F$1 -> 0.2
A14: 144 | B14: 85 | C14: 2 | D14: =3.1415926*$B14*(($C14/2)^2) -> 267.03537 | F14: =$C14/$F$1 -> 1
A15: 151 | B15: 200 | C15: 0.4 | D15: =3.1415926*$B15*(($C15/2)^2) -> 25.132741 | F15: =$C15/$F$1 -> 0.2
A16: 154 | B16: 220 | C16: 1.5 | D16: =3.1415926*$B16*(($C16/2)^2) -> 388.77208 | F16: =$C16/$F$1 -> 0.75
A17: 160 | B17: 215 | C17: 0.4 | D17: =3.1415926*$B17*(($C17/2)^2) -> 27.017696 | F17: =$C17/$F$1 -> 0.2
A18: 450 | B18: 70 | C18: 0.35 | D18: =3.1415926*$B18*(($C18/2)^2) -> 6.7347891 | F18: =$C18/$F$1 -> 0.175
A19: 177 | B19: 160 | C19: 1.5 | D19: =3.1415926*$B19*(($C19/2)^2) -> 282.74333 | F19: =$C19/$F$1 -> 0.75
A20: 167 | B20: 155 | C20: 1.2 | D20: =3.1415926*$B20*(($C20/2)^2) -> 175.30087 | F20: =$C20/$F$1 -> 0.6
A21: 143 | B21: 185 | C21: 0.35 | D21: =3.1415926*$B21*(($C21/2)^2) -> 17.799086 | F21: =$C21/$F$1 -> 0.175
A22: 137 | B22: 85 | C22: 2 | D22: =3.1415926*$B22*(($C22/2)^2) -> 267.03537 | F22: =$C22/$F$1 -> 1
A23: 147 | B23: 190 | C23: 0.4 | D23: =3.1415926*$B23*(($C23/2)^2) -> 23.876104 | F23: =$C23/$F$1 -> 0.2
... A532: 269 | B532: 120 | C532: 0.53 | D532: =3.1415926*$B532*(($C532/2)^2) -> 26.474201 | F532: =$C532/$F$1 -> 0.265

Sheet Sheet1
A1: ;;Link | B1: Volume | C1: Diameter | D1: Input | F1: Weighted-D | I1: Weighted-D | L1: Weighted-D | M1: SUM-UP | N1: SUM-Dup | O1: Output | Q1: Weighted-D | R1: SUM-D | S1: SUM-Dd | U1: Conduit | V1: I1 | W1: Upstreams | X1: Downstreams | AB1: A 1-1 | AC1: A 1-2 | AD1: A 2-1 | AE1: A 2-2 | AG1: A 1-3
A2: 158 | B2: =IFERROR(VLOOKUP(A2,Capacity!$A$3:$D$532,4,), "0") -> 785.39815 | C2: =IFERROR(VLOOKUP(A2,Capacity!$A$3:$F$532,6,), "0") -> 1 | D2: 156 | E2: =IFERROR(VLOOKUP(D2,Capacity!$A$3:$D$532,4,), "0") -> 388.77208 | F2: =IFERROR(VLOOKUP(D2,Capacity!$A$3:$F$532,6,), "0") -> 0.75 | G2: 163 | H2: =IFERROR(VLOOKUP(G2,Capacity!$A$3:$D$532,4,), "0") -> 42.725659 | I2: =IFERROR(VLOOKUP(G2,Capacity!$A$3:$F$532,6,), "0") -> 0.4 | J2: 153 | K2: =IFERROR(VLOOKUP(J2,Capacity!$A$3:$D$532,4,), "0") -> 267.03537 | L2: =IFERROR(VLOOKUP(J2,Capacity!$A$3:$F$532,6,), "0") -> 1 | M2: =$E2+$H2+$K2 -> 698.53311 | N2: =$F2+$I2+$L2 -> 2.15 | P2: =IFERROR(VLOOKUP(O2,Capacity!$A$3:$D$532,4,), "0") -> 0 | Q2: =IFERROR(VLOOKUP(O2,Capacity!$A$3:$F$532,6,), "0") -> 0 | R2: =$P2 -> 0 | S2: 0 | U2: 158 | V2: 3 | W2: 3 | X2: 0 | AB2: =($M2/$R2) -> #DIV/0! | AC2: =($M2/$B2) -> 0.8894 | AD2: =($N2/$S2) -> #DIV/0!
A3: 163 | B3: =IFERROR(VLOOKUP(A3,Capacity!$A$3:$D$532,4,), "0") -> 42.725659 | C3: =IFERROR(VLOOKUP(A3,Capacity!$A$3:$F$532,6,), "0") -> 0.4 | D3: 162 | E3: =IFERROR(VLOOKUP(D3,Capacity!$A$3:$D$532,4,), "0") -> 16.355916 | F3: =IFERROR(VLOOKUP(D3,Capacity!$A$3:$F$532,6,), "0") -> 0.175 | G3: 169 | H3: =IFERROR(VLOOKUP(G3,Capacity!$A$3:$D$532,4,), "0") -> 42.725659 | I3: =IFERROR(VLOOKUP(G3,Capacity!$A$3:$F$532,6,), "0") -> 0.4 | K3: =IFERROR(VLOOKUP(J3,Capacity!$A$3:$D$532,4,), "0") -> 0 | L3: =IFERROR(VLOOKUP(J3,Capacity!$A$3:$F$532,6,), "0") -> 0 | M3: =$E3+$H3+$K3 -> 59.081576 | N3: =$F3+$I3+$L3 -> 0.575 | O3: 158 | P3: =IFERROR(VLOOKUP(O3,Capacity!$A$3:$D$532,4,), "0") -> 785.39815 | Q3: =IFERROR(VLOOKUP(O3,Capacity!$A$3:$F$532,6,), "0") -> 1 | R3: =$P3 -> 785.39815 | S3: =$Q3 -> 1 | U3: 163 | V3: 3 | W3: 3 | X3: 1 | AB3: =($M3/$R3) -> 0.075225 | AC3: =($M3/$B3) -> 1.3828125 | AD3: =($N3/$S3) -> 0.575 | AE3: =($N3/$C3) -> 1.4375 | AG3: =$M3/($R3+$B3) -> 0.071343892
A4: 156 | B4: =IFERROR(VLOOKUP(A4,Capacity!$A$3:$D$532,4,), "0") -> 388.77208 | C4: =IFERROR(VLOOKUP(A4,Capacity!$A$3:$F$532,6,), "0") -> 0.75 | D4: 155 | E4: =IFERROR(VLOOKUP(D4,Capacity!$A$3:$D$532,4,), "0") -> 371.10063 | F4: =IFERROR(VLOOKUP(D4,Capacity!$A$3:$F$532,6,), "0") -> 0.75 | G4: 161 | H4: =IFERROR(VLOOKUP(G4,Capacity!$A$3:$D$532,4,), "0") -> 17.649467 | I4: =IFERROR(VLOOKUP(G4,Capacity!$A$3:$F$532,6,), "0") -> 0.265 | K4: =IFERROR(VLOOKUP(J4,Capacity!$A$3:$D$532,4,), "0") -> 0 | L4: =IFERROR(VLOOKUP(J4,Capacity!$A$3:$F$532,6,), "0") -> 0 | M4: =$E4+$H4+$K4 -> 388.75009 | N4: =$F4+$I4+$L4 -> 1.015 | O4: 158 | P4: =IFERROR(VLOOKUP(O4,Capacity!$A$3:$D$532,4,), "0") -> 785.39815 | Q4: =IFERROR(VLOOKUP(O4,Capacity!$A$3:$F$532,6,), "0") -> 1 | R4: =$P4 -> 785.39815 | S4: =$Q4 -> 1 | U4: 156 | V4: 3 | W4: 3 | X4: 1 | AB4: =($M4/$R4) -> 0.494972 | AC4: =($M4/$B4) -> 0.99994343 | AD4: =($N4/$S4) -> 1.015 | AE4: =($N4/$C4) -> 1.3533333 | AG4: =$M4/($R4+$B4) -> 0.33108495
A5: 153 | B5: =IFERROR(VLOOKUP(A5,Capacity!$A$3:$D$532,4,), "0") -> 267.03537 | C5: =IFERROR(VLOOKUP(A5,Capacity!$A$3:$F$532,6,), "0") -> 1 | D5: 152 | E5: =IFERROR(VLOOKUP(D5,Capacity!$A$3:$D$532,4,), "0") -> 25.132741 | F5: =IFERROR(VLOOKUP(D5,Capacity!$A$3:$F$532,6,), "0") -> 0.2 | G5: 149 | H5: =IFERROR(VLOOKUP(G5,Capacity!$A$3:$D$532,4,), "0") -> 267.03537 | I5: =IFERROR(VLOOKUP(G5,Capacity!$A$3:$F$532,6,), "0") -> 1 | K5: =IFERROR(VLOOKUP(J5,Capacity!$A$3:$D$532,4,), "0") -> 0 | L5: =IFERROR(VLOOKUP(J5,Capacity!$A$3:$F$532,6,), "0") -> 0 | M5: =$E5+$H5+$K5 -> 292.16811 | N5: =$F5+$I5+$L5 -> 1.2 | O5: 158 | P5: =IFERROR(VLOOKUP(O5,Capacity!$A$3:$D$532,4,), "0") -> 785.39815 | Q5: =IFERROR(VLOOKUP(O5,Capacity!$A$3:$F$532,6,), "0") -> 1 | R5: =$P5 -> 785.39815 | S5: =$Q5 -> 1 | U5: 153 | V5: 2 | W5: 2 | X5: 1 | AB5: =($M5/$R5) -> 0.372 | AC5: =($M5/$B5) -> 1.0941176 | AD5: =($N5/$S5) -> 1.2 | AE5: =($N5/$C5) -> 1.2 | AG5: =$M5/($R5+$B5) -> 0.27761194
A6: 152 | B6: =IFERROR(VLOOKUP(A6,Capacity!$A$3:$D$532,4,), "0") -> 25.132741 | C6: =IFERROR(VLOOKUP(A6,Capacity!$A$3:$F$532,6,), "0") -> 0.2 | D6: 151 | E6: =IFERROR(VLOOKUP(D6,Capacity!$A$3:$D$532,4,), "0") -> 25.132741 | F6: =IFERROR(VLOOKUP(D6,Capacity!$A$3:$F$532,6,), "0") -> 0.2 | H6: =IFERROR(VLOOKUP(G6,Capacity!$A$3:$D$532,4,), "0") -> 0 | I6: =IFERROR(VLOOKUP(G6,Capacity!$A$3:$F$532,6,), "0") -> 0 | K6: =IFERROR(VLOOKUP(J6,Capacity!$A$3:$D$532,4,), "0") -> 0 | L6: =IFERROR(VLOOKUP(J6,Capacity!$A$3:$F$532,6,), "0") -> 0 | M6: =$E6+$H6+$K6 -> 25.132741 | N6: =$F6+$I6+$L6 -> 0.2 | O6: 153 | P6: =IFERROR(VLOOKUP(O6,Capacity!$A$3:$D$532,4,), "0") -> 267.03537 | Q6: =IFERROR(VLOOKUP(O6,Capacity!$A$3:$F$532,6,), "0") -> 1 | R6: =$P6 -> 267.03537 | S6: =$Q6 -> 1 | U6: 152 | V6: 2 | W6: 2 | X6: 1 | AB6: =($M6/$R6) -> 0.094117647 | AC6: =($M6/$B6) -> 1 | AD6: =($N6/$S6) -> 0.2 | AE6: =($N6/$C6) -> 1 | AG6: =$M6/($R6+$B6) -> 0.086021505
A7: 149 | B7: =IFERROR(VLOOKUP(A7,Capacity!$A$3:$D$532,4,), "0") -> 267.03537 | C7: =IFERROR(VLOOKUP(A7,Capacity!$A$3:$F$532,6,), "0") -> 1 | D7: 148 | E7: =IFERROR(VLOOKUP(D7,Capacity!$A$3:$D$532,4,), "0") -> 23.876104 | F7: =IFERROR(VLOOKUP(D7,Capacity!$A$3:$F$532,6,), "0") -> 0.2 | G7: 144 | H7: =IFERROR(VLOOKUP(G7,Capacity!$A$3:$D$532,4,), "0") -> 267.03537 | I7: =IFERROR(VLOOKUP(G7,Capacity!$A$3:$F$532,6,), "0") -> 1 | K7: =IFERROR(VLOOKUP(J7,Capacity!$A$3:$D$532,4,), "0") -> 0 | L7: =IFERROR(VLOOKUP(J7,Capacity!$A$3:$F$532,6,), "0") -> 0 | M7: =$E7+$H7+$K7 -> 290.91147 | N7: =$F7+$I7+$L7 -> 1.2 | O7: 153 | P7: =IFERROR(VLOOKUP(O7,Capacity!$A$3:$D$532,4,), "0") -> 267.03537 | Q7: =IFERROR(VLOOKUP(O7,Capacity!$A$3:$F$532,6,), "0") -> 1 | R7: =$P7 -> 267.03537 | S7: =$Q7 -> 1 | U7: 149 | V7: 2 | W7: 2 | X7: 1 | AB7: =($M7/$R7) -> 1.0894118 | AC7: =($M7/$B7) -> 1.0894118 | AD7: =($N7/$S7) -> 1.2 | AE7: =($N7/$C7) -> 1.2 | AG7: =$M7/($R7+$B7) -> 0.54470588
A8: 161 | B8: =IFERROR(VLOOKUP(A8,Capacity!$A$3:$D$532,4,), "0") -> 17.649467 | C8: =IFERROR(VLOOKUP(A8,Capacity!$A$3:$F$532,6,), "0") -> 0.265 | D8: 160 | E8: =IFERROR(VLOOKUP(D8,Capacity!$A$3:$D$532,4,), "0") -> 27.017696 | F8: =IFERROR(VLOOKUP(D8,Capacity!$A$3:$F$532,6,), "0") -> 0.2 | H8: =IFERROR(VLOOKUP(G8,Capacity!$A$3:$D$532,4,), "0") -> 0 | I8: =IFERROR(VLOOKUP(G8,Capacity!$A$3:$F$532,6,), "0") -> 0 | K8: =IFERROR(VLOOKUP(J8,Capacity!$A$3:$D$532,4,), "0") -> 0 | L8: =IFERROR(VLOOKUP(J8,Capacity!$A$3:$F$532,6,), "0") -> 0 | M8: =$E8+$H8+$K8 -> 27.017696 | N8: =$F8+$I8+$L8 -> 0.2 | O8: 156 | P8: =IFERROR(VLOOKUP(O8,Capacity!$A$3:$D$532,4,), "0") -> 388.77208 | Q8: =IFERROR(VLOOKUP(O8,Capacity!$A$3:$F$532,6,), "0") -> 0.75 | R8: =$P8 -> 388.77208 | S8: =$Q8 -> 0.75 | U8: 161 | V8: 2 | W8: 2 | X8: 1 | AB8: =($M8/$R8) -> 0.069494949 | AC8: =($M8/$B8) -> 1.5307939 | AD8: =($N8/$S8) -> 0.26666667 | AE8: =($N8/$C8) -> 0.75471698 | AG8: =$M8/($R8+$B8) -> 0.066477027
A9: 155 | B9: =IFERROR(VLOOKUP(A9,Capacity!$A$3:$D$532,4,), "0") -> 371.10063 | C9: =IFERROR(VLOOKUP(A9,Capacity!$A$3:$F$532,6,), "0") -> 0.75 | D9: 154 | E9: =IFERROR(VLOOKUP(D9,Capacity!$A$3:$D$532,4,), "0") -> 388.77208 | F9: =IFERROR(VLOOKUP(D9,Capacity!$A$3:$F$532,6,), "0") -> 0.75 | H9: =IFERROR(VLOOKUP(G9,Capacity!$A$3:$D$532,4,), "0") -> 0 | I9: =IFERROR(VLOOKUP(G9,Capacity!$A$3:$F$532,6,), "0") -> 0 | K9: =IFERROR(VLOOKUP(J9,Capacity!$A$3:$D$532,4,), "0") -> 0 | L9: =IFERROR(VLOOKUP(J9,Capacity!$A$3:$F$532,6,), "0") -> 0 | M9: =$E9+$H9+$K9 -> 388.77208 | N9: =$F9+$I9+$L9 -> 0.75 | O9: 156 | P9: =IFERROR(VLOOKUP(O9,Capacity!$A$3:$D$532,4,), "0") -> 388.77208 | Q9: =IFERROR(VLOOKUP(O9,Capacity!$A$3:$F$532,6,), "0") -> 0.75 | R9: =$P9 -> 388.77208 | S9: =$Q9 -> 0.75 | U9: 155 | V9: 1 | W9: 1 | X9: 1 | AB9: =($M9/$R9) -> 1 | AC9: =($M9/$B9) -> 1.047619 | AD9: =($N9/$S9) -> 1 | AE9: =($N9/$C9) -> 1 | AG9: =$M9/($R9+$B9) -> 0.51162791
A10: 169 | B10: =IFERROR(VLOOKUP(A10,Capacity!$A$3:$D$532,4,), "0") -> 42.725659 | C10: =IFERROR(VLOOKUP(A10,Capacity!$A$3:$F$532,6,), "0") -> 0.4 | D10: 167 | E10: =IFERROR(VLOOKUP(D10,Capacity!$A$3:$D$532,4,), "0") -> 175.30087 | F10: =IFERROR(VLOOKUP(D10,Capacity!$A$3:$F$532,6,), "0") -> 0.6 | G10: 177 | H10: =IFERROR(VLOOKUP(G10,Capacity!$A$3:$D$532,4,), "0") -> 282.74333 | I10: =IFERROR(VLOOKUP(G10,Capacity!$A$3:$F$532,6,), "0") -> 0.75 | K10: =IFERROR(VLOOKUP(J10,Capacity!$A$3:$D$532,4,), "0") -> 0 | L10: =IFERROR(VLOOKUP(J10,Capacity!$A$3:$F$532,6,), "0") -> 0 | M10: =$E10+$H10+$K10 -> 458.0442 | N10: =$F10+$I10+$L10 -> 1.35 | O10: 163 | P10: =IFERROR(VLOOKUP(O10,Capacity!$A$3:$D$532,4,), "0") -> 42.725659 | Q10: =IFERROR(VLOOKUP(O10,Capacity!$A$3:$F$532,6,), "0") -> 0.4 | R10: =$P10 -> 42.725659 | S10: =$Q10 -> 0.4 | U10: 169 | V10: 3 | W10: 3 | X10: 1 | AB10: =($M10/$R10) -> 10.720588 | AC10: =($M10/$B10) -> 10.720588 | AD10: =($N10/$S10) -> 3.375 | AE10: =($N10/$C10) -> 3.375 | AG10: =$M10/($R10+$B10) -> 5.3602941
A11: 162 | B11: =IFERROR(VLOOKUP(A11,Capacity!$A$3:$D$532,4,), "0") -> 16.355916 | C11: =IFERROR(VLOOKUP(A11,Capacity!$A$3:$F$532,6,), "0") -> 0.175 | D11: 450 | E11: =IFERROR(VLOOKUP(D11,Capacity!$A$3:$D$532,4,), "0") -> 6.7347891 | F11: =IFERROR(VLOOKUP(D11,Capacity!$A$3:$F$532,6,), "0") -> 0.175 | H11: =IFERROR(VLOOKUP(G11,Capacity!$A$3:$D$532,4,), "0") -> 0 | I11: =IFERROR(VLOOKUP(G11,Capacity!$A$3:$F$532,6,), "0") -> 0 | K11: =IFERROR(VLOOKUP(J11,Capacity!$A$3:$D$532,4,), "0") -> 0 | L11: =IFERROR(VLOOKUP(J11,Capacity!$A$3:$F$532,6,), "0") -> 0 | M11: =$E11+$H11+$K11 -> 6.7347891 | N11: =$F11+$I11+$L11 -> 0.175 | O11: 163 | P11: =IFERROR(VLOOKUP(O11,Capacity!$A$3:$D$532,4,), "0") -> 42.725659 | Q11: =IFERROR(VLOOKUP(O11,Capacity!$A$3:$F$532,6,), "0") -> 0.4 | R11: =$P11 -> 42.725659 | S11: =$Q11 -> 0.4 | U11: 162 | V11: 2 | W11: 2 | X11: 1 | AB11: =($M11/$R11) -> 0.15762868 | AC11: =($M11/$B11) -> 0.41176471 | AD11: =($N11/$S11) -> 0.4375 | AE11: =($N11/$C11) -> 1 | AG11: =$M11/($R11+$B11) -> 0.11399136
A12: 148 | B12: =IFERROR(VLOOKUP(A12,Capacity!$A$3:$D$532,4,), "0") -> 23.876104 | C12: =IFERROR(VLOOKUP(A12,Capacity!$A$3:$F$532,6,), "0") -> 0.2 | D12: 147 | E12: =IFERROR(VLOOKUP(D12,Capacity!$A$3:$D$532,4,), "0") -> 23.876104 | F12: =IFERROR(VLOOKUP(D12,Capacity!$A$3:$F$532,6,), "0") -> 0.2 | H12: =IFERROR(VLOOKUP(G12,Capacity!$A$3:$D$532,4,), "0") -> 0 | I12: =IFERROR(VLOOKUP(G12,Capacity!$A$3:$F$532,6,), "0") -> 0 | K12: =IFERROR(VLOOKUP(J12,Capacity!$A$3:$D$532,4,), "0") -> 0 | L12: =IFERROR(VLOOKUP(J12,Capacity!$A$3:$F$532,6,), "0") -> 0 | M12: =$E12+$H12+$K12 -> 23.876104 | N12: =$F12+$I12+$L12 -> 0.2 | O12: 149 | P12: =IFERROR(VLOOKUP(O12,Capacity!$A$3:$D$532,4,), "0") -> 267.03537 | Q12: =IFERROR(VLOOKUP(O12,Capacity!$A$3:$F$532,6,), "0") -> 1 | R12: =$P12 -> 267.03537 | S12: =$Q12 -> 1 | U12: 148 | V12: 1 | W12: 1 | X12: 1 | AB12: =($M12/$R12) -> 0.089411765 | AC12: =($M12/$B12) -> 1 | AD12: =($N12/$S12) -> 0.2 | AE12: =($N12/$C12) -> 1 | AG12: =$M12/($R12+$B12) -> 0.082073434
A13: 144 | B13: =IFERROR(VLOOKUP(A13,Capacity!$A$3:$D$532,4,), "0") -> 267.03537 | C13: =IFERROR(VLOOKUP(A13,Capacity!$A$3:$F$532,6,), "0") -> 1 | D13: 143 | E13: =IFERROR(VLOOKUP(D13,Capacity!$A$3:$D$532,4,), "0") -> 17.799086 | F13: =IFERROR(VLOOKUP(D13,Capacity!$A$3:$F$532,6,), "0") -> 0.175 | G13: 137 | H13: =IFERROR(VLOOKUP(G13,Capacity!$A$3:$D$532,4,), "0") -> 267.03537 | I13: =IFERROR(VLOOKUP(G13,Capacity!$A$3:$F$532,6,), "0") -> 1 | K13: =IFERROR(VLOOKUP(J13,Capacity!$A$3:$D$532,4,), "0") -> 0 | L13: =IFERROR(VLOOKUP(J13,Capacity!$A$3:$F$532,6,), "0") -> 0 | M13: =$E13+$H13+$K13 -> 284.83446 | N13: =$F13+$I13+$L13 -> 1.175 | O13: 149 | P13: =IFERROR(VLOOKUP(O13,Capacity!$A$3:$D$532,4,), "0") -> 267.03537 | Q13: =IFERROR(VLOOKUP(O13,Capacity!$A$3:$F$532,6,), "0") -> 1 | R13: =$P13 -> 267.03537 | S13: =$Q13 -> 1 | U13: 144 | V13: 2 | W13: 2 | X13: 1 | AB13: =($M13/$R13) -> 1.0666544 | AC13: =($M13/$B13) -> 1.0666544 | AD13: =($N13/$S13) -> 1.175 | AE13: =($N13/$C13) -> 1.175 | AG13: =$M13/($R13+$B13) -> 0.53332721
A14: 151 | B14: =IFERROR(VLOOKUP(A14,Capacity!$A$3:$D$532,4,), "0") -> 25.132741 | C14: =IFERROR(VLOOKUP(A14,Capacity!$A$3:$F$532,6,), "0") -> 0.2 | D14: 150 | E14: =IFERROR(VLOOKUP(D14,Capacity!$A$3:$D$532,4,), "0") -> 19.242255 | F14: =IFERROR(VLOOKUP(D14,Capacity!$A$3:$F$532,6,), "0") -> 0.175 | H14: =IFERROR(VLOOKUP(G14,Capacity!$A$3:$D$532,4,), "0") -> 0 | I14: =IFERROR(VLOOKUP(G14,Capacity!$A$3:$F$532,6,), "0") -> 0 | K14: =IFERROR(VLOOKUP(J14,Capacity!$A$3:$D$532,4,), "0") -> 0 | L14: =IFERROR(VLOOKUP(J14,Capacity!$A$3:$F$532,6,), "0") -> 0 | M14: =$E14+$H14+$K14 -> 19.242255 | N14: =$F14+$I14+$L14 -> 0.175 | O14: 152 | P14: =IFERROR(VLOOKUP(O14,Capacity!$A$3:$D$532,4,), "0") -> 25.132741 | Q14: =IFERROR(VLOOKUP(O14,Capacity!$A$3:$F$532,6,), "0") -> 0.2 | R14: =$P14 -> 25.132741 | S14: =$Q14 -> 0.2 | U14: 151 | V14: 1 | W14: 1 | X14: 1 | AB14: =($M14/$R14) -> 0.765625 | AC14: =($M14/$B14) -> 0.765625 | AD14: =($N14/$S14) -> 0.875 | AE14: =($N14/$C14) -> 0.875 | AG14: =$M14/($R14+$B14) -> 0.3828125
A15: 154 | B15: =IFERROR(VLOOKUP(A15,Capacity!$A$3:$D$532,4,), "0") -> 388.77208 | C15: =IFERROR(VLOOKUP(A15,Capacity!$A$3:$F$532,6,), "0") -> 0.75 | D15: 87 | E15: =IFERROR(VLOOKUP(D15,Capacity!$A$3:$D$532,4,), "0") -> 388.77208 | F15: =IFERROR(VLOOKUP(D15,Capacity!$A$3:$F$532,6,), "0") -> 0.75 | H15: =IFERROR(VLOOKUP(G15,Capacity!$A$3:$D$532,4,), "0") -> 0 | I15: =IFERROR(VLOOKUP(G15,Capacity!$A$3:$F$532,6,), "0") -> 0 | K15: =IFERROR(VLOOKUP(J15,Capacity!$A$3:$D$532,4,), "0") -> 0 | L15: =IFERROR(VLOOKUP(J15,Capacity!$A$3:$F$532,6,), "0") -> 0 | M15: =$E15+$H15+$K15 -> 388.77208 | N15: =$F15+$I15+$L15 -> 0.75 | O15: 155 | P15: =IFERROR(VLOOKUP(O15,Capacity!$A$3:$D$532,4,), "0") -> 371.10063 | Q15: =IFERROR(VLOOKUP(O15,Capacity!$A$3:$F$532,6,), "0") -> 0.75 | R15: =$P15 -> 371.10063 | S15: =$Q15 -> 0.75 | U15: 154 | V15: 1 | W15: 1 | X15: 1 | AB15: =($M15/$R15) -> 1.047619 | AC15: =($M15/$B15) -> 1 | AD15: =($N15/$S15) -> 1 | AE15: =($N15/$C15) -> 1 | AG15: =$M15/($R15+$B15) -> 0.51162791
A16: 160 | B16: =IFERROR(VLOOKUP(A16,Capacity!$A$3:$D$532,4,), "0") -> 27.017696 | C16: =IFERROR(VLOOKUP(A16,Capacity!$A$3:$F$532,6,), "0") -> 0.2 | D16: 449 | E16: =IFERROR(VLOOKUP(D16,Capacity!$A$3:$D$532,4,), "0") -> 20.685424 | F16: =IFERROR(VLOOKUP(D16,Capacity!$A$3:$F$532,6,), "0") -> 0.175 | H16: =IFERROR(VLOOKUP(G16,Capacity!$A$3:$D$532,4,), "0") -> 0 | I16: =IFERROR(VLOOKUP(G16,Capacity!$A$3:$F$532,6,), "0") -> 0 | K16: =IFERROR(VLOOKUP(J16,Capacity!$A$3:$D$532,4,), "0") -> 0 | L16: =IFERROR(VLOOKUP(J16,Capacity!$A$3:$F$532,6,), "0") -> 0 | M16: =$E16+$H16+$K16 -> 20.685424 | N16: =$F16+$I16+$L16 -> 0.175 | O16: 161 | P16: =IFERROR(VLOOKUP(O16,Capacity!$A$3:$D$532,4,), "0") -> 17.649467 | Q16: =IFERROR(VLOOKUP(O16,Capacity!$A$3:$F$532,6,), "0") -> 0.265 | R16: =$P16 -> 17.649467 | S16: =$Q16 -> 0.265 | U16: 160 | V16: 2 | W16: 2 | X16: 1 | AB16: =($M16/$R16) -> 1.1720141 | AC16: =($M16/$B16) -> 0.765625 | AD16: =($N16/$S16) -> 0.66037736 | AE16: =($N16/$C16) -> 0.875 | AG16: =$M16/($R16+$B16) -> 0.46310135
A17: 450 | B17: =IFERROR(VLOOKUP(A17,Capacity!$A$3:$D$532,4,), "0") -> 6.7347891 | C17: =IFERROR(VLOOKUP(A17,Capacity!$A$3:$F$532,6,), "0") -> 0.175 | E17: =IFERROR(VLOOKUP(D17,Capacity!$A$3:$D$532,4,), "0") -> 0 | F17: =IFERROR(VLOOKUP(D17,Capacity!$A$3:$F$532,6,), "0") -> 0 | H17: =IFERROR(VLOOKUP(G17,Capacity!$A$3:$D$532,4,), "0") -> 0 | I17: =IFERROR(VLOOKUP(G17,Capacity!$A$3:$F$532,6,), "0") -> 0 | K17: =IFERROR(VLOOKUP(J17,Capacity!$A$3:$D$532,4,), "0") -> 0 | L17: =IFERROR(VLOOKUP(J17,Capacity!$A$3:$F$532,6,), "0") -> 0 | M17: =$E17+$H17+$K17 -> 0 | N17: =$F17+$I17+$L17 -> 0 | O17: 162 | P17: =IFERROR(VLOOKUP(O17,Capacity!$A$3:$D$532,4,), "0") -> 16.355916 | Q17: =IFERROR(VLOOKUP(O17,Capacity!$A$3:$F$532,6,), "0") -> 0.175 | R17: =$P17 -> 16.355916 | S17: =$Q17 -> 0.175 | U17: 450 | V17: 0 | W17: 0 | X17: 1 | AB17: =($M17/$R17) -> 0 | AC17: =($M17/$B17) -> 0 | AD17: =($N17/$S17) -> 0 | AE17: =($N17/$C17) -> 0 | AG17: =$M17/($R17+$B17) -> 0
A18: 177 | B18: =IFERROR(VLOOKUP(A18,Capacity!$A$3:$D$532,4,), "0") -> 282.74333 | C18: =IFERROR(VLOOKUP(A18,Capacity!$A$3:$F$532,6,), "0") -> 0.75 | D18: 176 | E18: =IFERROR(VLOOKUP(D18,Capacity!$A$3:$D$532,4,), "0") -> 19.242255 | F18: =IFERROR(VLOOKUP(D18,Capacity!$A$3:$F$532,6,), "0") -> 0.175 | G18: 183 | H18: =IFERROR(VLOOKUP(G18,Capacity!$A$3:$D$532,4,), "0") -> 40.212385 | I18: =IFERROR(VLOOKUP(G18,Capacity!$A$3:$F$532,6,), "0") -> 0.4 | K18: =IFERROR(VLOOKUP(J18,Capacity!$A$3:$D$532,4,), "0") -> 0 | L18: =IFERROR(VLOOKUP(J18,Capacity!$A$3:$F$532,6,), "0") -> 0 | M18: =$E18+$H18+$K18 -> 59.45464 | N18: =$F18+$I18+$L18 -> 0.575 | O18: 169 | P18: =IFERROR(VLOOKUP(O18,Capacity!$A$3:$D$532,4,), "0") -> 42.725659 | Q18: =IFERROR(VLOOKUP(O18,Capacity!$A$3:$F$532,6,), "0") -> 0.4 | R18: =$P18 -> 42.725659 | S18: =$Q18 -> 0.4 | U18: 177 | V18: 2 | W18: 2 | X18: 1 | AB18: =($M18/$R18) -> 1.3915441 | AC18: =($M18/$B18) -> 0.21027778 | AD18: =($N18/$S18) -> 1.4375 | AE18: =($N18/$C18) -> 0.76666667 | AG18: =$M18/($R18+$B18) -> 0.18267375
A19: 167 | B19: =IFERROR(VLOOKUP(A19,Capacity!$A$3:$D$532,4,), "0") -> 175.30087 | C19: =IFERROR(VLOOKUP(A19,Capacity!$A$3:$F$532,6,), "0") -> 0.6 | D19: 451 | E19: =IFERROR(VLOOKUP(D19,Capacity!$A$3:$D$532,4,), "0") -> 8.6590146 | F19: =IFERROR(VLOOKUP(D19,Capacity!$A$3:$F$532,6,), "0") -> 0.175 | G19: 166 | H19: =IFERROR(VLOOKUP(G19,Capacity!$A$3:$D$532,4,), "0") -> 47.432943 | I19: =IFERROR(VLOOKUP(G19,Capacity!$A$3:$F$532,6,), "0") -> 0.265 | K19: =IFERROR(VLOOKUP(J19,Capacity!$A$3:$D$532,4,), "0") -> 0 | L19: =IFERROR(VLOOKUP(J19,Capacity!$A$3:$F$532,6,), "0") -> 0 | M19: =$E19+$H19+$K19 -> 56.091958 | N19: =$F19+$I19+$L19 -> 0.44 | O19: 169 | P19: =IFERROR(VLOOKUP(O19,Capacity!$A$3:$D$532,4,), "0") -> 42.725659 | Q19: =IFERROR(VLOOKUP(O19,Capacity!$A$3:$F$532,6,), "0") -> 0.4 | R19: =$P19 -> 42.725659 | S19: =$Q19 -> 0.4 | U19: 167 | V19: 3 | W19: 3 | X19: 1 | AB19: =($M19/$R19) -> 1.3128401 | AC19: =($M19/$B19) -> 0.31997536 | AD19: =($N19/$S19) -> 1.1 | AE19: =($N19/$C19) -> 0.73333333 | AG19: =$M19/($R19+$B19) -> 0.25727125
A20: 143 | B20: =IFERROR(VLOOKUP(A20,Capacity!$A$3:$D$532,4,), "0") -> 17.799086 | C20: =IFERROR(VLOOKUP(A20,Capacity!$A$3:$F$532,6,), "0") -> 0.175 | D20: 142 | E20: =IFERROR(VLOOKUP(D20,Capacity!$A$3:$D$532,4,), "0") -> 17.799086 | F20: =IFERROR(VLOOKUP(D20,Capacity!$A$3:$F$532,6,), "0") -> 0.175 | H20: =IFERROR(VLOOKUP(G20,Capacity!$A$3:$D$532,4,), "0") -> 0 | I20: =IFERROR(VLOOKUP(G20,Capacity!$A$3:$F$532,6,), "0") -> 0 | K20: =IFERROR(VLOOKUP(J20,Capacity!$A$3:$D$532,4,), "0") -> 0 | L20: =IFERROR(VLOOKUP(J20,Capacity!$A$3:$F$532,6,), "0") -> 0 | M20: =$E20+$H20+$K20 -> 17.799086 | N20: =$F20+$I20+$L20 -> 0.175 | O20: 144 | P20: =IFERROR(VLOOKUP(O20,Capacity!$A$3:$D$532,4,), "0") -> 267.03537 | Q20: =IFERROR(VLOOKUP(O20,Capacity!$A$3:$F$532,6,), "0") -> 1 | R20: =$P20 -> 267.03537 | S20: =$Q20 -> 1 | U20: 143 | V20: 1 | W20: 1 | X20: 1 | AB20: =($M20/$R20) -> 0.066654412 | AC20: =($M20/$B20) -> 1 | AD20: =($N20/$S20) -> 0.175 | AE20: =($N20/$C20) -> 1 | AG20: =$M20/($R20+$B20) -> 0.062489229
A21: 137 | B21: =IFERROR(VLOOKUP(A21,Capacity!$A$3:$D$532,4,), "0") -> 267.03537 | C21: =IFERROR(VLOOKUP(A21,Capacity!$A$3:$F$532,6,), "0") -> 1 | D21: 138 | E21: =IFERROR(VLOOKUP(D21,Capacity!$A$3:$D$532,4,), "0") -> 48.066367 | F21: =IFERROR(VLOOKUP(D21,Capacity!$A$3:$F$532,6,), "0") -> 0.3 | G21: 136 | H21: =IFERROR(VLOOKUP(G21,Capacity!$A$3:$D$532,4,), "0") -> 150.2074 | I21: =IFERROR(VLOOKUP(G21,Capacity!$A$3:$F$532,6,), "0") -> 0.75 | K21: =IFERROR(VLOOKUP(J21,Capacity!$A$3:$D$532,4,), "0") -> 0 | L21: =IFERROR(VLOOKUP(J21,Capacity!$A$3:$F$532,6,), "0") -> 0 | M21: =$E21+$H21+$K21 -> 198.27376 | N21: =$F21+$I21+$L21 -> 1.05 | O21: 144 | P21: =IFERROR(VLOOKUP(O21,Capacity!$A$3:$D$532,4,), "0") -> 267.03537 | Q21: =IFERROR(VLOOKUP(O21,Capacity!$A$3:$F$532,6,), "0") -> 1 | R21: =$P21 -> 267.03537 | S21: =$Q21 -> 1 | U21: 137 | V21: 3 | W21: 3 | X21: 1 | AB21: =($M21/$R21) -> 0.7425 | AC21: =($M21/$B21) -> 0.7425 | AD21: =($N21/$S21) -> 1.05 | AE21: =($N21/$C21) -> 1.05 | AG21: =$M21/($R21+$B21) -> 0.37125
A22: 147 | B22: =IFERROR(VLOOKUP(A22,Capacity!$A$3:$D$532,4,), "0") -> 23.876104 | C22: =IFERROR(VLOOKUP(A22,Capacity!$A$3:$F$532,6,), "0") -> 0.2 | D22: 145 | E22: =IFERROR(VLOOKUP(D22,Capacity!$A$3:$D$532,4,), "0") -> 23.876104 | F22: =IFERROR(VLOOKUP(D22,Capacity!$A$3:$F$532,6,), "0") -> 0.2 | H22: =IFERROR(VLOOKUP(G22,Capacity!$A$3:$D$532,4,), "0") -> 0 | I22: =IFERROR(VLOOKUP(G22,Capacity!$A$3:$F$532,6,), "0") -> 0 | K22: =IFERROR(VLOOKUP(J22,Capacity!$A$3:$D$532,4,), "0") -> 0 | L22: =IFERROR(VLOOKUP(J22,Capacity!$A$3:$F$532,6,), "0") -> 0 | M22: =$E22+$H22+$K22 -> 23.876104 | N22: =$F22+$I22+$L22 -> 0.2 | O22: 148 | P22: =IFERROR(VLOOKUP(O22,Capacity!$A$3:$D$532,4,), "0") -> 23.876104 | Q22: =IFERROR(VLOOKUP(O22,Capacity!$A$3:$F$532,6,), "0") -> 0.2 | R22: =$P22 -> 23.876104 | S22: =$Q22 -> 0.2 | U22: 147 | V22: 2 | W22: 2 | X22: 1 | AB22: =($M22/$R22) -> 1 | AC22: =($M22/$B22) -> 1 | AD22: =($N22/$S22) -> 1 | AE22: =($N22/$C22) -> 1 | AG22: =$M22/($R22+$B22) -> 0.5
A23: 150 | B23: =IFERROR(VLOOKUP(A23,Capacity!$A$3:$D$532,4,), "0") -> 19.242255 | C23: =IFERROR(VLOOKUP(A23,Capacity!$A$3:$F$532,6,), "0") -> 0.175 | D23: 446 | E23: =IFERROR(VLOOKUP(D23,Capacity!$A$3:$D$532,4,), "0") -> 40.212385 | F23: =IFERROR(VLOOKUP(D23,Capacity!$A$3:$F$532,6,), "0") -> 0.4 | G23: 88 | H23: =IFERROR(VLOOKUP(G23,Capacity!$A$3:$D$532,4,), "0") -> 172.78759 | I23: =IFERROR(VLOOKUP(G23,Capacity!$A$3:$F$532,6,), "0") -> 0.5 | K23: =IFERROR(VLOOKUP(J23,Capacity!$A$3:$D$532,4,), "0") -> 0 | L23: =IFERROR(VLOOKUP(J23,Capacity!$A$3:$F$532,6,), "0") -> 0 | M23: =$E23+$H23+$K23 -> 212.99998 | N23: =$F23+$I23+$L23 -> 0.9 | O23: 151 | P23: =IFERROR(VLOOKUP(O23,Capacity!$A$3:$D$532,4,), "0") -> 25.132741 | Q23: =IFERROR(VLOOKUP(O23,Capacity!$A$3:$F$532,6,), "0") -> 0.2 | R23: =$P23 -> 25.132741 | S23: =$Q23 -> 0.2 | U23: 150 | V23: 3 | W23: 3 | X23: 1 | AB23: =($M23/$R23) -> 8.475 | AC23: =($M23/$B23) -> 11.069388 | AD23: =($N23/$S23) -> 4.5 | AE23: =($N23/$C23) -> 5.1428571 | AG23: =$M23/($R23+$B23) -> 4.8
A24: 448 | B24: =IFERROR(VLOOKUP(A24,Capacity!$A$3:$D$532,4,), "0") -> 7.6969019 | C24: =IFERROR(VLOOKUP(A24,Capacity!$A$3:$F$532,6,), "0") -> 0.175 | E24: =IFERROR(VLOOKUP(D24,Capacity!$A$3:$D$532,4,), "0") -> 0 | F24: =IFERROR(VLOOKUP(D24,Capacity!$A$3:$F$532,6,), "0") -> 0 | H24: =IFERROR(VLOOKUP(G24,Capacity!$A$3:$D$532,4,), "0") -> 0 | I24: =IFERROR(VLOOKUP(G24,Capacity!$A$3:$F$532,6,), "0") -> 0 | K24: =IFERROR(VLOOKUP(J24,Capacity!$A$3:$D$532,4,), "0") -> 0 | L24: =IFERROR(VLOOKUP(J24,Capacity!$A$3:$F$532,6,), "0") -> 0 | M24: =$E24+$H24+$K24 -> 0 | N24: =$F24+$I24+$L24 -> 0 | O24: 154 | P24: =IFERROR(VLOOKUP(O24,Capacity!$A$3:$D$532,4,), "0") -> 388.77208 | Q24: =IFERROR(VLOOKUP(O24,Capacity!$A$3:$F$532,6,), "0") -> 0.75 | R24: =$P24 -> 388.77208 | S24: =$Q24 -> 0.75 | U24: 448 | V24: 0 | W24: 0 | X24: 1 | AB24: =($M24/$R24) -> 0 | AC24: =($M24/$B24) -> 0 | AD24: =($N24/$S24) -> 0 | AE24: =($N24/$C24) -> 0 | AG24: =$M24/($R24+$B24) -> 0
A25: 159 | B25: =IFERROR(VLOOKUP(A25,Capacity!$A$3:$D$532,4,), "0") -> 22.619467 | C25: =IFERROR(VLOOKUP(A25,Capacity!$A$3:$F$532,6,), "0") -> 0.3 | D25: 419 | E25: =IFERROR(VLOOKUP(D25,Capacity!$A$3:$D$532,4,), "0") -> 21.16648 | F25: =IFERROR(VLOOKUP(D25,Capacity!$A$3:$F$532,6,), "0") -> 0.175 | G25: 164 | H25: =IFERROR(VLOOKUP(G25,Capacity!$A$3:$D$532,4,), "0") -> 22.619467 | I25: =IFERROR(VLOOKUP(G25,Capacity!$A$3:$F$532,6,), "0") -> 0.3 | K25: =IFERROR(VLOOKUP(J25,Capacity!$A$3:$D$532,4,), "0") -> 0 | L25: =IFERROR(VLOOKUP(J25,Capacity!$A$3:$F$532,6,), "0") -> 0 | M25: =$E25+$H25+$K25 -> 43.785947 | N25: =$F25+$I25+$L25 -> 0.475 | O25: 154 | P25: =IFERROR(VLOOKUP(O25,Capacity!$A$3:$D$532,4,), "0") -> 388.77208 | Q25: =IFERROR(VLOOKUP(O25,Capacity!$A$3:$F$532,6,), "0") -> 0.75 | R25: =$P25 -> 388.77208 | S25: =$Q25 -> 0.75 | U25: 159 | V25: 2 | W25: 2 | X25: 1 | AB25: =($M25/$R25) -> 0.11262626 | AC25: =($M25/$B25) -> 1.9357639 | AD25: =($N25/$S25) -> 0.63333333 | AE25: =($N25/$C25) -> 1.5833333 | AG25: =$M25/($R25+$B25) -> 0.10643375
A26: 87 | B26: =IFERROR(VLOOKUP(A26,Capacity!$A$3:$D$532,4,), "0") -> 388.77208 | C26: =IFERROR(VLOOKUP(A26,Capacity!$A$3:$F$532,6,), "0") -> 0.75 | D26: 48 | E26: =IFERROR(VLOOKUP(D26,Capacity!$A$3:$D$532,4,), "0") -> 397.60781 | F26: =IFERROR(VLOOKUP(D26,Capacity!$A$3:$F$532,6,), "0") -> 0.75 | G26: 86 | H26: =IFERROR(VLOOKUP(G26,Capacity!$A$3:$D$532,4,), "0") -> 90.477867 | I26: =IFERROR(VLOOKUP(G26,Capacity!$A$3:$F$532,6,), "0") -> 0.6 | K26: =IFERROR(VLOOKUP(J26,Capacity!$A$3:$D$532,4,), "0") -> 0 | L26: =IFERROR(VLOOKUP(J26,Capacity!$A$3:$F$532,6,), "0") -> 0 | M26: =$E26+$H26+$K26 -> 488.08568 | N26: =$F26+$I26+$L26 -> 1.35 | O26: 154 | P26: =IFERROR(VLOOKUP(O26,Capacity!$A$3:$D$532,4,), "0") -> 388.77208 | Q26: =IFERROR(VLOOKUP(O26,Capacity!$A$3:$F$532,6,), "0") -> 0.75 | R26: =$P26 -> 388.77208 | S26: =$Q26 -> 0.75 | U26: 87 | V26: 3 | W26: 3 | X26: 1 | AB26: =($M26/$R26) -> 1.2554545 | AC26: =($M26/$B26) -> 1.2554545 | AD26: =($N26/$S26) -> 1.8 | AE26: =($N26/$C26) -> 1.8 | AG26: =$M26/($R26+$B26) -> 0.62772727
A27: 449 | B27: =IFERROR(VLOOKUP(A27,Capacity!$A$3:$D$532,4,), "0") -> 20.685424 | C27: =IFERROR(VLOOKUP(A27,Capacity!$A$3:$F$532,6,), "0") -> 0.175 | E27: =IFERROR(VLOOKUP(D27,Capacity!$A$3:$D$532,4,), "0") -> 0 | F27: =IFERROR(VLOOKUP(D27,Capacity!$A$3:$F$532,6,), "0") -> 0 | H27: =IFERROR(VLOOKUP(G27,Capacity!$A$3:$D$532,4,), "0") -> 0 | I27: =IFERROR(VLOOKUP(G27,Capacity!$A$3:$F$532,6,), "0") -> 0 | K27: =IFERROR(VLOOKUP(J27,Capacity!$A$3:$D$532,4,), "0") -> 0 | L27: =IFERROR(VLOOKUP(J27,Capacity!$A$3:$F$532,6,), "0") -> 0 | M27: =$E27+$H27+$K27 -> 0 | N27: =$F27+$I27+$L27 -> 0 | O27: 160 | P27: =IFERROR(VLOOKUP(O27,Capacity!$A$3:$D$532,4,), "0") -> 27.017696 | Q27: =IFERROR(VLOOKUP(O27,Capacity!$A$3:$F$532,6,), "0") -> 0.2 | R27: =$P27 -> 27.017696 | S27: =$Q27 -> 0.2 | U27: 449 | V27: 0 | W27: 0 | X27: 1 | AB27: =($M27/$R27) -> 0 | AC27: =($M27/$B27) -> 0 | AD27: =($N27/$S27) -> 0 | AE27: =($N27/$C27) -> 0 | AG27: =$M27/($R27+$B27) -> 0
A28: 451 | B28: =IFERROR(VLOOKUP(A28,Capacity!$A$3:$D$532,4,), "0") -> 8.6590146 | C28: =IFERROR(VLOOKUP(A28,Capacity!$A$3:$F$532,6,), "0") -> 0.175 | E28: =IFERROR(VLOOKUP(D28,Capacity!$A$3:$D$532,4,), "0") -> 0 | F28: =IFERROR(VLOOKUP(D28,Capacity!$A$3:$F$532,6,), "0") -> 0 | H28: =IFERROR(VLOOKUP(G28,Capacity!$A$3:$D$532,4,), "0") -> 0 | I28: =IFERROR(VLOOKUP(G28,Capacity!$A$3:$F$532,6,), "0") -> 0 | K28: =IFERROR(VLOOKUP(J28,Capacity!$A$3:$D$532,4,), "0") -> 0 | L28: =IFERROR(VLOOKUP(J28,Capacity!$A$3:$F$532,6,), "0") -> 0 | M28: =$E28+$H28+$K28 -> 0 | N28: =$F28+$I28+$L28 -> 0 | O28: 167 | P28: =IFERROR(VLOOKUP(O28,Capacity!$A$3:$D$532,4,), "0") -> 175.30087 | Q28: =IFERROR(VLOOKUP(O28,Capacity!$A$3:$F$532,6,), "0") -> 0.6 | R28: =$P28 -> 175.30087 | S28: =$Q28 -> 0.6 | U28: 451 | V28: 0 | W28: 0 | X28: 1 | AB28: =($M28/$R28) -> 0 | AC28: =($M28/$B28) -> 0 | AD28: =($N28/$S28) -> 0 | AE28: =($N28/$C28) -> 0 | AG28: =$M28/($R28+$B28) -> 0
A29: 166 | B29: =IFERROR(VLOOKUP(A29,Capacity!$A$3:$D$532,4,), "0") -> 47.432943 | C29: =IFERROR(VLOOKUP(A29,Capacity!$A$3:$F$532,6,), "0") -> 0.265 | D29: 165 | E29: =IFERROR(VLOOKUP(D29,Capacity!$A$3:$D$532,4,), "0") -> 15.87486 | F29: =IFERROR(VLOOKUP(D29,Capacity!$A$3:$F$532,6,), "0") -> 0.175 | G29: 172 | H29: =IFERROR(VLOOKUP(G29,Capacity!$A$3:$D$532,4,), "0") -> 22.619467 | I29: =IFERROR(VLOOKUP(G29,Capacity!$A$3:$F$532,6,), "0") -> 0.3 | K29: =IFERROR(VLOOKUP(J29,Capacity!$A$3:$D$532,4,), "0") -> 0 | L29: =IFERROR(VLOOKUP(J29,Capacity!$A$3:$F$532,6,), "0") -> 0 | M29: =$E29+$H29+$K29 -> 38.494327 | N29: =$F29+$I29+$L29 -> 0.475 | O29: 167 | P29: =IFERROR(VLOOKUP(O29,Capacity!$A$3:$D$532,4,), "0") -> 175.30087 | Q29: =IFERROR(VLOOKUP(O29,Capacity!$A$3:$F$532,6,), "0") -> 0.6 | R29: =$P29 -> 175.30087 | S29: =$Q29 -> 0.6 | U29: 166 | V29: 2 | W29: 2 | X29: 1 | AB29: =($M29/$R29) -> 0.21959005 | AC29: =($M29/$B29) -> 0.81155257 | AD29: =($N29/$S29) -> 0.79166667 | AE29: =($N29/$C29) -> 1.7924528 | AG29: =$M29/($R29+$B29) -> 0.1728266
A30: 183 | B30: =IFERROR(VLOOKUP(A30,Capacity!$A$3:$D$532,4,), "0") -> 40.212385 | C30: =IFERROR(VLOOKUP(A30,Capacity!$A$3:$F$532,6,), "0") -> 0.4 | D30: 188 | E30: =IFERROR(VLOOKUP(D30,Capacity!$A$3:$D$532,4,), "0") -> 40.212385 | F30: =IFERROR(VLOOKUP(D30,Capacity!$A$3:$F$532,6,), "0") -> 0.4 | G30: 182 | H30: =IFERROR(VLOOKUP(G30,Capacity!$A$3:$D$532,4,), "0") -> 19.242255 | I30: =IFERROR(VLOOKUP(G30,Capacity!$A$3:$F$532,6,), "0") -> 0.175 | K30: =IFERROR(VLOOKUP(J30,Capacity!$A$3:$D$532,4,), "0") -> 0 | L30: =IFERROR(VLOOKUP(J30,Capacity!$A$3:$F$532,6,), "0") -> 0 | M30: =$E30+$H30+$K30 -> 59.45464 | N30: =$F30+$I30+$L30 -> 0.575 | O30: 177 | P30: =IFERROR(VLOOKUP(O30,Capacity!$A$3:$D$532,4,), "0") -> 282.74333 | Q30: =IFERROR(VLOOKUP(O30,Capacity!$A$3:$F$532,6,), "0") -> 0.75 | R30: =$P30 -> 282.74333 | S30: =$Q30 -> 0.75 | U30: 183 | V30: 3 | W30: 3 | X30: 1 | AB30: =($M30/$R30) -> 0.21027778 | AC30: =($M30/$B30) -> 1.4785156 | AD30: =($N30/$S30) -> 0.76666667 | AE30: =($N30/$C30) -> 1.4375 | AG30: =$M30/($R30+$B30) -> 0.18409533
A31: 176 | B31: =IFERROR(VLOOKUP(A31,Capacity!$A$3:$D$532,4,), "0") -> 19.242255 | C31: =IFERROR(VLOOKUP(A31,Capacity!$A$3:$F$532,6,), "0") -> 0.175 | D31: 456 | E31: =IFERROR(VLOOKUP(D31,Capacity!$A$3:$D$532,4,), "0") -> 19.242255 | F31: =IFERROR(VLOOKUP(D31,Capacity!$A$3:$F$532,6,), "0") -> 0.175 | H31: =IFERROR(VLOOKUP(G31,Capacity!$A$3:$D$532,4,), "0") -> 0 | I31: =IFERROR(VLOOKUP(G31,Capacity!$A$3:$F$532,6,), "0") -> 0 | K31: =IFERROR(VLOOKUP(J31,Capacity!$A$3:$D$532,4,), "0") -> 0 | L31: =IFERROR(VLOOKUP(J31,Capacity!$A$3:$F$532,6,), "0") -> 0 | M31: =$E31+$H31+$K31 -> 19.242255 | N31: =$F31+$I31+$L31 -> 0.175 | O31: 177 | P31: =IFERROR(VLOOKUP(O31,Capacity!$A$3:$D$532,4,), "0") -> 282.74333 | Q31: =IFERROR(VLOOKUP(O31,Capacity!$A$3:$F$532,6,), "0") -> 0.75 | R31: =$P31 -> 282.74333 | S31: =$Q31 -> 0.75 | U31: 176 | V31: 2 | W31: 2 | X31: 1 | AB31: =($M31/$R31) -> 0.068055556 | AC31: =($M31/$B31) -> 1 | AD31: =($N31/$S31) -> 0.23333333 | AE31: =($N31/$C31) -> 1 | AG31: =$M31/($R31+$B31) -> 0.063719116
A32: 138 | B32: =IFERROR(VLOOKUP(A32,Capacity!$A$3:$D$532,4,), "0") -> 48.066367 | C32: =IFERROR(VLOOKUP(A32,Capacity!$A$3:$F$532,6,), "0") -> 0.3 | D32: 139 | E32: =IFERROR(VLOOKUP(D32,Capacity!$A$3:$D$532,4,), "0") -> 48.066367 | F32: =IFERROR(VLOOKUP(D32,Capacity!$A$3:$F$532,6,), "0") -> 0.3 | H32: =IFERROR(VLOOKUP(G32,Capacity!$A$3:$D$532,4,), "0") -> 0 | I32: =IFERROR(VLOOKUP(G32,Capacity!$A$3:$F$532,6,), "0") -> 0 | K32: =IFERROR(VLOOKUP(J32,Capacity!$A$3:$D$532,4,), "0") -> 0 | L32: =IFERROR(VLOOKUP(J32,Capacity!$A$3:$F$532,6,), "0") -> 0 | M32: =$E32+$H32+$K32 -> 48.066367 | N32: =$F32+$I32+$L32 -> 0.3 | O32: 137 | P32: =IFERROR(VLOOKUP(O32,Capacity!$A$3:$D$532,4,), "0") -> 267.03537 | Q32: =IFERROR(VLOOKUP(O32,Capacity!$A$3:$F$532,6,), "0") -> 1 | R32: =$P32 -> 267.03537 | S32: =$Q32 -> 1 | U32: 138 | V32: 2 | W32: 2 | X32: 1 | AB32: =($M32/$R32) -> 0.18 | AC32: =($M32/$B32) -> 1 | AD32: =($N32/$S32) -> 0.3 | AE32: =($N32/$C32) -> 1 | AG32: =$M32/($R32+$B32) -> 0.15254237
A33: 136 | B33: =IFERROR(VLOOKUP(A33,Capacity!$A$3:$D$532,4,), "0") -> 150.2074 | C33: =IFERROR(VLOOKUP(A33,Capacity!$A$3:$F$532,6,), "0") -> 0.75 | D33: 134 | E33: =IFERROR(VLOOKUP(D33,Capacity!$A$3:$D$532,4,), "0") -> 273.9076 | F33: =IFERROR(VLOOKUP(D33,Capacity!$A$3:$F$532,6,), "0") -> 0.75 | G33: 128 | H33: =IFERROR(VLOOKUP(G33,Capacity!$A$3:$D$532,4,), "0") -> 31.101767 | I33: =IFERROR(VLOOKUP(G33,Capacity!$A$3:$F$532,6,), "0") -> 0.3 | J33: 276 | K33: =IFERROR(VLOOKUP(J33,Capacity!$A$3:$D$532,4,), "0") -> 24.052818 | L33: =IFERROR(VLOOKUP(J33,Capacity!$A$3:$F$532,6,), "0") -> 0.175 | M33: =$E33+$H33+$K33 -> 329.06219 | N33: =$F33+$I33+$L33 -> 1.225 | O33: 137 | P33: =IFERROR(VLOOKUP(O33,Capacity!$A$3:$D$532,4,), "0") -> 267.03537 | Q33: =IFERROR(VLOOKUP(O33,Capacity!$A$3:$F$532,6,), "0") -> 1 | R33: =$P33 -> 267.03537 | S33: =$Q33 -> 1 | U33: 136 | V33: 3 | W33: 3 | X33: 1 | AB33: =($M33/$R33) -> 1.2322794 | AC33: =($M33/$B33) -> 2.190719 | AD33: =($N33/$S33) -> 1.225 | AE33: =($N33/$C33) -> 1.6333333 | AG33: =$M33/($R33+$B33) -> 0.78865882
A34: 142 | B34: =IFERROR(VLOOKUP(A34,Capacity!$A$3:$D$532,4,), "0") -> 17.799086 | C34: =IFERROR(VLOOKUP(A34,Capacity!$A$3:$F$532,6,), "0") -> 0.175 | D34: 141 | E34: =IFERROR(VLOOKUP(D34,Capacity!$A$3:$D$532,4,), "0") -> 17.799086 | F34: =IFERROR(VLOOKUP(D34,Capacity!$A$3:$F$532,6,), "0") -> 0.175 | H34: =IFERROR(VLOOKUP(G34,Capacity!$A$3:$D$532,4,), "0") -> 0 | I34: =IFERROR(VLOOKUP(G34,Capacity!$A$3:$F$532,6,), "0") -> 0 | K34: =IFERROR(VLOOKUP(J34,Capacity!$A$3:$D$532,4,), "0") -> 0 | L34: =IFERROR(VLOOKUP(J34,Capacity!$A$3:$F$532,6,), "0") -> 0 | M34: =$E34+$H34+$K34 -> 17.799086 | N34: =$F34+$I34+$L34 -> 0.175 | O34: 143 | P34: =IFERROR(VLOOKUP(O34,Capacity!$A$3:$D$532,4,), "0") -> 17.799086 | Q34: =IFERROR(VLOOKUP(O34,Capacity!$A$3:$F$532,6,), "0") -> 0.175 | R34: =$P34 -> 17.799086 | S34: =$Q34 -> 0.175 | U34: 142 | V34: 2 | W34: 2 | X34: 1 | AB34: =($M34/$R34) -> 1 | AC34: =($M34/$B34) -> 1 | AD34: =($N34/$S34) -> 1 | AE34: =($N34/$C34) -> 1 | AG34: =$M34/($R34+$B34) -> 0.5
A35: 145 | B35: =IFERROR(VLOOKUP(A35,Capacity!$A$3:$D$532,4,), "0") -> 23.876104 | C35: =IFERROR(VLOOKUP(A35,Capacity!$A$3:$F$532,6,), "0") -> 0.2 | D35: 445 | E35: =IFERROR(VLOOKUP(D35,Capacity!$A$3:$D$532,4,), "0") -> 7.6969019 | F35: =IFERROR(VLOOKUP(D35,Capacity!$A$3:$F$532,6,), "0") -> 0.175 | G35: 89 | H35: =IFERROR(VLOOKUP(G35,Capacity!$A$3:$D$532,4,), "0") -> 27.646015 | I35: =IFERROR(VLOOKUP(G35,Capacity!$A$3:$F$532,6,), "0") -> 0.2 | K35: =IFERROR(VLOOKUP(J35,Capacity!$A$3:$D$532,4,), "0") -> 0 | L35: =IFERROR(VLOOKUP(J35,Capacity!$A$3:$F$532,6,), "0") -> 0 | M35: =$E35+$H35+$K35 -> 35.342917 | N35: =$F35+$I35+$L35 -> 0.375 | O35: 147 | P35: =IFERROR(VLOOKUP(O35,Capacity!$A$3:$D$532,4,), "0") -> 23.876104 | Q35: =IFERROR(VLOOKUP(O35,Capacity!$A$3:$F$532,6,), "0") -> 0.2 | R35: =$P35 -> 23.876104 | S35: =$Q35 -> 0.2 | U35: 145 | V35: 3 | W35: 3 | X35: 1 | AB35: =($M35/$R35) -> 1.4802632 | AC35: =($M35/$B35) -> 1.4802632 | AD35: =($N35/$S35) -> 1.875 | AE35: =($N35/$C35) -> 1.875 | AG35: =$M35/($R35+$B35) -> 0.74013158
A36: 446 | B36: =IFERROR(VLOOKUP(A36,Capacity!$A$3:$D$532,4,), "0") -> 40.212385 | C36: =IFERROR(VLOOKUP(A36,Capacity!$A$3:$F$532,6,), "0") -> 0.4 | E36: =IFERROR(VLOOKUP(D36,Capacity!$A$3:$D$532,4,), "0") -> 0 | F36: =IFERROR(VLOOKUP(D36,Capacity!$A$3:$F$532,6,), "0") -> 0 | H36: =IFERROR(VLOOKUP(G36,Capacity!$A$3:$D$532,4,), "0") -> 0 | I36: =IFERROR(VLOOKUP(G36,Capacity!$A$3:$F$532,6,), "0") -> 0 | K36: =IFERROR(VLOOKUP(J36,Capacity!$A$3:$D$532,4,), "0") -> 0 | L36: =IFERROR(VLOOKUP(J36,Capacity!$A$3:$F$532,6,), "0") -> 0 | M36: =$E36+$H36+$K36 -> 0 | N36: =$F36+$I36+$L36 -> 0 | O36: 150 | P36: =IFERROR(VLOOKUP(O36,Capacity!$A$3:$D$532,4,), "0") -> 19.242255 | Q36: =IFERROR(VLOOKUP(O36,Capacity!$A$3:$F$532,6,), "0") -> 0.175 | R36: =$P36 -> 19.242255 | S36: =$Q36 -> 0.175 | U36: 446 | V36: 0 | W36: 0 | X36: 1 | AB36: =($M36/$R36) -> 0 | AC36: =($M36/$B36) -> 0 | AD36: =($N36/$S36) -> 0 | AE36: =($N36/$C36) -> 0 | AG36: =$M36/($R36+$B36) -> 0
A37: 88 | B37: =IFERROR(VLOOKUP(A37,Capacity!$A$3:$D$532,4,), "0") -> 172.78759 | C37: =IFERROR(VLOOKUP(A37,Capacity!$A$3:$F$532,6,), "0") -> 0.5 | D37: 420 | E37: =IFERROR(VLOOKUP(D37,Capacity!$A$3:$D$532,4,), "0") -> 7.6969019 | F37: =IFERROR(VLOOKUP(D37,Capacity!$A$3:$F$532,6,), "0") -> 0.175 | G37: 49 | H37: =IFERROR(VLOOKUP(G37,Capacity!$A$3:$D$532,4,), "0") -> 21.647537 | I37: =IFERROR(VLOOKUP(G37,Capacity!$A$3:$F$532,6,), "0") -> 0.175 | K37: =IFERROR(VLOOKUP(J37,Capacity!$A$3:$D$532,4,), "0") -> 0 | L37: =IFERROR(VLOOKUP(J37,Capacity!$A$3:$F$532,6,), "0") -> 0 | M37: =$E37+$H37+$K37 -> 29.344438 | N37: =$F37+$I37+$L37 -> 0.35 | O37: 150 | P37: =IFERROR(VLOOKUP(O37,Capacity!$A$3:$D$532,4,), "0") -> 19.242255 | Q37: =IFERROR(VLOOKUP(O37,Capacity!$A$3:$F$532,6,), "0") -> 0.175 | R37: =$P37 -> 19.242255 | S37: =$Q37 -> 0.175 | U37: 88 | V37: 2 | W37: 2 | X37: 1 | AB37: =($M37/$R37) -> 1.525 | AC37: =($M37/$B37) -> 0.16982955 | AD37: =($N37/$S37) -> 2 | AE37: =($N37/$C37) -> 0.7 | AG37: =$M37/($R37+$B37) -> 0.15281186
A38: 86 | B38: =IFERROR(VLOOKUP(A38,Capacity!$A$3:$D$532,4,), "0") -> 90.477867 | C38: =IFERROR(VLOOKUP(A38,Capacity!$A$3:$F$532,6,), "0") -> 0.6 | D38: 85 | E38: =IFERROR(VLOOKUP(D38,Capacity!$A$3:$D$532,4,), "0") -> 90.477867 | F38: =IFERROR(VLOOKUP(D38,Capacity!$A$3:$F$532,6,), "0") -> 0.6 | H38: =IFERROR(VLOOKUP(G38,Capacity!$A$3:$D$532,4,), "0") -> 0 | I38: =IFERROR(VLOOKUP(G38,Capacity!$A$3:$F$532,6,), "0") -> 0 | K38: =IFERROR(VLOOKUP(J38,Capacity!$A$3:$D$532,4,), "0") -> 0 | L38: =IFERROR(VLOOKUP(J38,Capacity!$A$3:$F$532,6,), "0") -> 0 | M38: =$E38+$H38+$K38 -> 90.477867 | N38: =$F38+$I38+$L38 -> 0.6 | O38: 87 | P38: =IFERROR(VLOOKUP(O38,Capacity!$A$3:$D$532,4,), "0") -> 388.77208 | Q38: =IFERROR(VLOOKUP(O38,Capacity!$A$3:$F$532,6,), "0") -> 0.75 | R38: =$P38 -> 388.77208 | S38: =$Q38 -> 0.75 | U38: 86 | V38: 2 | W38: 2 | X38: 1 | AB38: =($M38/$R38) -> 0.23272727 | AC38: =($M38/$B38) -> 1 | AD38: =($N38/$S38) -> 0.8 | AE38: =($N38/$C38) -> 1 | AG38: =$M38/($R38+$B38) -> 0.18879056
A39: 48 | B39: =IFERROR(VLOOKUP(A39,Capacity!$A$3:$D$532,4,), "0") -> 397.60781 | C39: =IFERROR(VLOOKUP(A39,Capacity!$A$3:$F$532,6,), "0") -> 0.75 | D39: 23 | E39: =IFERROR(VLOOKUP(D39,Capacity!$A$3:$D$532,4,), "0") -> 125.6637 | F39: =IFERROR(VLOOKUP(D39,Capacity!$A$3:$F$532,6,), "0") -> 0.4 | H39: =IFERROR(VLOOKUP(G39,Capacity!$A$3:$D$532,4,), "0") -> 0 | I39: =IFERROR(VLOOKUP(G39,Capacity!$A$3:$F$532,6,), "0") -> 0 | K39: =IFERROR(VLOOKUP(J39,Capacity!$A$3:$D$532,4,), "0") -> 0 | L39: =IFERROR(VLOOKUP(J39,Capacity!$A$3:$F$532,6,), "0") -> 0 | M39: =$E39+$H39+$K39 -> 125.6637 | N39: =$F39+$I39+$L39 -> 0.4 | O39: 87 | P39: =IFERROR(VLOOKUP(O39,Capacity!$A$3:$D$532,4,), "0") -> 388.77208 | Q39: =IFERROR(VLOOKUP(O39,Capacity!$A$3:$F$532,6,), "0") -> 0.75 | R39: =$P39 -> 388.77208 | S39: =$Q39 -> 0.75 | U39: 48 | V39: 1 | W39: 1 | X39: 1 | AB39: =($M39/$R39) -> 0.32323232 | AC39: =($M39/$B39) -> 0.31604938 | AD39: =($N39/$S39) -> 0.53333333 | AE39: =($N39/$C39) -> 0.53333333 | AG39: =$M39/($R39+$B39) -> 0.15980025
A40: 419 | B40: =IFERROR(VLOOKUP(A40,Capacity!$A$3:$D$532,4,), "0") -> 21.16648 | C40: =IFERROR(VLOOKUP(A40,Capacity!$A$3:$F$532,6,), "0") -> 0.175 | E40: =IFERROR(VLOOKUP(D40,Capacity!$A$3:$D$532,4,), "0") -> 0 | F40: =IFERROR(VLOOKUP(D40,Capacity!$A$3:$F$532,6,), "0") -> 0 | H40: =IFERROR(VLOOKUP(G40,Capacity!$A$3:$D$532,4,), "0") -> 0 | I40: =IFERROR(VLOOKUP(G40,Capacity!$A$3:$F$532,6,), "0") -> 0 | K40: =IFERROR(VLOOKUP(J40,Capacity!$A$3:$D$532,4,), "0") -> 0 | L40: =IFERROR(VLOOKUP(J40,Capacity!$A$3:$F$532,6,), "0") -> 0 | M40: =$E40+$H40+$K40 -> 0 | N40: =$F40+$I40+$L40 -> 0 | O40: 159 | P40: =IFERROR(VLOOKUP(O40,Capacity!$A$3:$D$532,4,), "0") -> 22.619467 | Q40: =IFERROR(VLOOKUP(O40,Capacity!$A$3:$F$532,6,), "0") -> 0.3 | R40: =$P40 -> 22.619467 | S40: =$Q40 -> 0.3 | U40: 419 | V40: 0 | W40: 0 | X40: 1 | AB40: =($M40/$R40) -> 0 | AC40: =($M40/$B40) -> 0 | AD40: =($N40/$S40) -> 0 | AE40: =($N40/$C40) -> 0 | AG40: =$M40/($R40+$B40) -> 0
A41: 164 | B41: =IFERROR(VLOOKUP(A41,Capacity!$A$3:$D$532,4,), "0") -> 22.619467 | C41: =IFERROR(VLOOKUP(A41,Capacity!$A$3:$F$532,6,), "0") -> 0.3 | D41: 417 | E41: =IFERROR(VLOOKUP(D41,Capacity!$A$3:$D$532,4,), "0") -> 21.16648 | F41: =IFERROR(VLOOKUP(D41,Capacity!$A$3:$F$532,6,), "0") -> 0.175 | G41: 170 | H41: =IFERROR(VLOOKUP(G41,Capacity!$A$3:$D$532,4,), "0") -> 22.619467 | I41: =IFERROR(VLOOKUP(G41,Capacity!$A$3:$F$532,6,), "0") -> 0.3 | K41: =IFERROR(VLOOKUP(J41,Capacity!$A$3:$D$532,4,), "0") -> 0 | L41: =IFERROR(VLOOKUP(J41,Capacity!$A$3:$F$532,6,), "0") -> 0 | M41: =$E41+$H41+$K41 -> 43.785947 | N41: =$F41+$I41+$L41 -> 0.475 | O41: 159 | P41: =IFERROR(VLOOKUP(O41,Capacity!$A$3:$D$532,4,), "0") -> 22.619467 | Q41: =IFERROR(VLOOKUP(O41,Capacity!$A$3:$F$532,6,), "0") -> 0.3 | R41: =$P41 -> 22.619467 | S41: =$Q41 -> 0.3 | U41: 164 | V41: 3 | W41: 3 | X41: 1 | AB41: =($M41/$R41) -> 1.9357639 | AC41: =($M41/$B41) -> 1.9357639 | AD41: =($N41/$S41) -> 1.5833333 | AE41: =($N41/$C41) -> 1.5833333 | AG41: =$M41/($R41+$B41) -> 0.96788194
A42: 172 | B42: =IFERROR(VLOOKUP(A42,Capacity!$A$3:$D$532,4,), "0") -> 22.619467 | C42: =IFERROR(VLOOKUP(A42,Capacity!$A$3:$F$532,6,), "0") -> 0.3 | D42: 171 | E42: =IFERROR(VLOOKUP(D42,Capacity!$A$3:$D$532,4,), "0") -> 291.57906 | F42: =IFERROR(VLOOKUP(D42,Capacity!$A$3:$F$532,6,), "0") -> 0.75 | G42: 175 | H42: =IFERROR(VLOOKUP(G42,Capacity!$A$3:$D$532,4,), "0") -> 17.649467 | I42: =IFERROR(VLOOKUP(G42,Capacity!$A$3:$F$532,6,), "0") -> 0.265 | K42: =IFERROR(VLOOKUP(J42,Capacity!$A$3:$D$532,4,), "0") -> 0 | L42: =IFERROR(VLOOKUP(J42,Capacity!$A$3:$F$532,6,), "0") -> 0 | M42: =$E42+$H42+$K42 -> 309.22853 | N42: =$F42+$I42+$L42 -> 1.015 | O42: 166 | P42: =IFERROR(VLOOKUP(O42,Capacity!$A$3:$D$532,4,), "0") -> 47.432943 | Q42: =IFERROR(VLOOKUP(O42,Capacity!$A$3:$F$532,6,), "0") -> 0.265 | R42: =$P42 -> 47.432943 | S42: =$Q42 -> 0.265 | U42: 172 | V42: 2 | W42: 2 | X42: 1 | AB42: =($M42/$R42) -> 6.5192777 | AC42: =($M42/$B42) -> 13.670903 | AD42: =($N42/$S42) -> 3.8301887 | AE42: =($N42/$C42) -> 3.3833333 | AG42: =$M42/($R42+$B42) -> 4.4142454
A43: 165 | B43: =IFERROR(VLOOKUP(A43,Capacity!$A$3:$D$532,4,), "0") -> 15.87486 | C43: =IFERROR(VLOOKUP(A43,Capacity!$A$3:$F$532,6,), "0") -> 0.175 | D43: 452 | E43: =IFERROR(VLOOKUP(D43,Capacity!$A$3:$D$532,4,), "0") -> 15.87486 | F43: =IFERROR(VLOOKUP(D43,Capacity!$A$3:$F$532,6,), "0") -> 0.175 | H43: =IFERROR(VLOOKUP(G43,Capacity!$A$3:$D$532,4,), "0") -> 0 | I43: =IFERROR(VLOOKUP(G43,Capacity!$A$3:$F$532,6,), "0") -> 0 | K43: =IFERROR(VLOOKUP(J43,Capacity!$A$3:$D$532,4,), "0") -> 0 | L43: =IFERROR(VLOOKUP(J43,Capacity!$A$3:$F$532,6,), "0") -> 0 | M43: =$E43+$H43+$K43 -> 15.87486 | N43: =$F43+$I43+$L43 -> 0.175 | O43: 166 | P43: =IFERROR(VLOOKUP(O43,Capacity!$A$3:$D$532,4,), "0") -> 47.432943 | Q43: =IFERROR(VLOOKUP(O43,Capacity!$A$3:$F$532,6,), "0") -> 0.265 | R43: =$P43 -> 47.432943 | S43: =$Q43 -> 0.265 | U43: 165 | V43: 2 | W43: 2 | X43: 1 | AB43: =($M43/$R43) -> 0.33468006 | AC43: =($M43/$B43) -> 1 | AD43: =($N43/$S43) -> 0.66037736 | AE43: =($N43/$C43) -> 1 | AG43: =$M43/($R43+$B43) -> 0.25075677
A44: 456 | B44: =IFERROR(VLOOKUP(A44,Capacity!$A$3:$D$532,4,), "0") -> 19.242255 | C44: =IFERROR(VLOOKUP(A44,Capacity!$A$3:$F$532,6,), "0") -> 0.175 | E44: =IFERROR(VLOOKUP(D44,Capacity!$A$3:$D$532,4,), "0") -> 0 | F44: =IFERROR(VLOOKUP(D44,Capacity!$A$3:$F$532,6,), "0") -> 0 | H44: =IFERROR(VLOOKUP(G44,Capacity!$A$3:$D$532,4,), "0") -> 0 | I44: =IFERROR(VLOOKUP(G44,Capacity!$A$3:$F$532,6,), "0") -> 0 | K44: =IFERROR(VLOOKUP(J44,Capacity!$A$3:$D$532,4,), "0") -> 0 | L44: =IFERROR(VLOOKUP(J44,Capacity!$A$3:$F$532,6,), "0") -> 0 | M44: =$E44+$H44+$K44 -> 0 | N44: =$F44+$I44+$L44 -> 0 | O44: 176 | P44: =IFERROR(VLOOKUP(O44,Capacity!$A$3:$D$532,4,), "0") -> 19.242255 | Q44: =IFERROR(VLOOKUP(O44,Capacity!$A$3:$F$532,6,), "0") -> 0.175 | R44: =$P44 -> 19.242255 | S44: =$Q44 -> 0.175 | U44: 456 | V44: 0 | W44: 0 | X44: 1 | AB44: =($M44/$R44) -> 0 | AC44: =($M44/$B44) -> 0 | AD44: =($N44/$S44) -> 0 | AE44: =($N44/$C44) -> 0 | AG44: =$M44/($R44+$B44) -> 0
A45: 188 | B45: =IFERROR(VLOOKUP(A45,Capacity!$A$3:$D$532,4,), "0") -> 40.212385 | C45: =IFERROR(VLOOKUP(A45,Capacity!$A$3:$F$532,6,), "0") -> 0.4 | D45: 187 | E45: =IFERROR(VLOOKUP(D45,Capacity!$A$3:$D$532,4,), "0") -> 100.53096 | F45: =IFERROR(VLOOKUP(D45,Capacity!$A$3:$F$532,6,), "0") -> 0.4 | G45: 195 | H45: =IFERROR(VLOOKUP(G45,Capacity!$A$3:$D$532,4,), "0") -> 20.734511 | I45: =IFERROR(VLOOKUP(G45,Capacity!$A$3:$F$532,6,), "0") -> 0.2 | K45: =IFERROR(VLOOKUP(J45,Capacity!$A$3:$D$532,4,), "0") -> 0 | L45: =IFERROR(VLOOKUP(J45,Capacity!$A$3:$F$532,6,), "0") -> 0 | M45: =$E45+$H45+$K45 -> 121.26547 | N45: =$F45+$I45+$L45 -> 0.6 | O45: 183 | P45: =IFERROR(VLOOKUP(O45,Capacity!$A$3:$D$532,4,), "0") -> 40.212385 | Q45: =IFERROR(VLOOKUP(O45,Capacity!$A$3:$F$532,6,), "0") -> 0.4 | R45: =$P45 -> 40.212385 | S45: =$Q45 -> 0.4 | U45: 188 | V45: 3 | W45: 3 | X45: 1 | AB45: =($M45/$R45) -> 3.015625 | AC45: =($M45/$B45) -> 3.015625 | AD45: =($N45/$S45) -> 1.5 | AE45: =($N45/$C45) -> 1.5 | AG45: =$M45/($R45+$B45) -> 1.5078125
A46: 182 | B46: =IFERROR(VLOOKUP(A46,Capacity!$A$3:$D$532,4,), "0") -> 19.242255 | C46: =IFERROR(VLOOKUP(A46,Capacity!$A$3:$F$532,6,), "0") -> 0.175 | E46: =IFERROR(VLOOKUP(D46,Capacity!$A$3:$D$532,4,), "0") -> 0 | F46: =IFERROR(VLOOKUP(D46,Capacity!$A$3:$F$532,6,), "0") -> 0 | H46: =IFERROR(VLOOKUP(G46,Capacity!$A$3:$D$532,4,), "0") -> 0 | I46: =IFERROR(VLOOKUP(G46,Capacity!$A$3:$F$532,6,), "0") -> 0 | K46: =IFERROR(VLOOKUP(J46,Capacity!$A$3:$D$532,4,), "0") -> 0 | L46: =IFERROR(VLOOKUP(J46,Capacity!$A$3:$F$532,6,), "0") -> 0 | M46: =$E46+$H46+$K46 -> 0 | N46: =$F46+$I46+$L46 -> 0 | O46: 183 | P46: =IFERROR(VLOOKUP(O46,Capacity!$A$3:$D$532,4,), "0") -> 40.212385 | Q46: =IFERROR(VLOOKUP(O46,Capacity!$A$3:$F$532,6,), "0") -> 0.4 | R46: =$P46 -> 40.212385 | S46: =$Q46 -> 0.4 | U46: 182 | V46: 1 | W46: 1 | X46: 1 | AB46: =($M46/$R46) -> 0 | AC46: =($M46/$B46) -> 0 | AD46: =($N46/$S46) -> 0 | AE46: =($N46/$C46) -> 0 | AG46: =$M46/($R46+$B46) -> 0
A47: 276 | B47: =IFERROR(VLOOKUP(A47,Capacity!$A$3:$D$532,4,), "0") -> 24.052818 | C47: =IFERROR(VLOOKUP(A47,Capacity!$A$3:$F$532,6,), "0") -> 0.175 | E47: =IFERROR(VLOOKUP(D47,Capacity!$A$3:$D$532,4,), "0") -> 0 | F47: =IFERROR(VLOOKUP(D47,Capacity!$A$3:$F$532,6,), "0") -> 0 | H47: =IFERROR(VLOOKUP(G47,Capacity!$A$3:$D$532,4,), "0") -> 0 | I47: =IFERROR(VLOOKUP(G47,Capacity!$A$3:$F$532,6,), "0") -> 0 | K47: =IFERROR(VLOOKUP(J47,Capacity!$A$3:$D$532,4,), "0") -> 0 | L47: =IFERROR(VLOOKUP(J47,Capacity!$A$3:$F$532,6,), "0") -> 0 | M47: =$E47+$H47+$K47 -> 0 | N47: =$F47+$I47+$L47 -> 0 | O47: 136 | P47: =IFERROR(VLOOKUP(O47,Capacity!$A$3:$D$532,4,), "0") -> 150.2074 | Q47: =IFERROR(VLOOKUP(O47,Capacity!$A$3:$F$532,6,), "0") -> 0.75 | R47: =$P47 -> 150.2074 | S47: =$Q47 -> 0.75 | U47: 276 | V47: 1 | W47: 1 | X47: 1 | AB47: =($M47/$R47) -> 0 | AC47: =($M47/$B47) -> 0 | AD47: =($N47/$S47) -> 0 | AE47: =($N47/$C47) -> 0 | AG47: =$M47/($R47+$B47) -> 0
A48: 134 | B48: =IFERROR(VLOOKUP(A48,Capacity!$A$3:$D$532,4,), "0") -> 273.9076 | C48: =IFERROR(VLOOKUP(A48,Capacity!$A$3:$F$532,6,), "0") -> 0.75 | D48: 133 | E48: =IFERROR(VLOOKUP(D48,Capacity!$A$3:$D$532,4,), "0") -> 273.9076 | F48: =IFERROR(VLOOKUP(D48,Capacity!$A$3:$F$532,6,), "0") -> 0.75 | H48: =IFERROR(VLOOKUP(G48,Capacity!$A$3:$D$532,4,), "0") -> 0 | I48: =IFERROR(VLOOKUP(G48,Capacity!$A$3:$F$532,6,), "0") -> 0 | K48: =IFERROR(VLOOKUP(J48,Capacity!$A$3:$D$532,4,), "0") -> 0 | L48: =IFERROR(VLOOKUP(J48,Capacity!$A$3:$F$532,6,), "0") -> 0 | M48: =$E48+$H48+$K48 -> 273.9076 | N48: =$F48+$I48+$L48 -> 0.75 | O48: 136 | P48: =IFERROR(VLOOKUP(O48,Capacity!$A$3:$D$532,4,), "0") -> 150.2074 | Q48: =IFERROR(VLOOKUP(O48,Capacity!$A$3:$F$532,6,), "0") -> 0.75 | R48: =$P48 -> 150.2074 | S48: =$Q48 -> 0.75 | U48: 134 | V48: 2 | W48: 2 | X48: 1 | AB48: =($M48/$R48) -> 1.8235294 | AC48: =($M48/$B48) -> 1 | AD48: =($N48/$S48) -> 1 | AE48: =($N48/$C48) -> 1 | AG48: =$M48/($R48+$B48) -> 0.64583333
A49: 128 | B49: =IFERROR(VLOOKUP(A49,Capacity!$A$3:$D$532,4,), "0") -> 31.101767 | C49: =IFERROR(VLOOKUP(A49,Capacity!$A$3:$F$532,6,), "0") -> 0.3 | D49: 127 | E49: =IFERROR(VLOOKUP(D49,Capacity!$A$3:$D$532,4,), "0") -> 45.238933 | F49: =IFERROR(VLOOKUP(D49,Capacity!$A$3:$F$532,6,), "0") -> 0.3 | G49: 129 | H49: =IFERROR(VLOOKUP(G49,Capacity!$A$3:$D$532,4,), "0") -> 15.393804 | I49: =IFERROR(VLOOKUP(G49,Capacity!$A$3:$F$532,6,), "0") -> 0.175 | K49: =IFERROR(VLOOKUP(J49,Capacity!$A$3:$D$532,4,), "0") -> 0 | L49: =IFERROR(VLOOKUP(J49,Capacity!$A$3:$F$532,6,), "0") -> 0 | M49: =$E49+$H49+$K49 -> 60.632737 | N49: =$F49+$I49+$L49 -> 0.475 | O49: 136 | P49: =IFERROR(VLOOKUP(O49,Capacity!$A$3:$D$532,4,), "0") -> 150.2074 | Q49: =IFERROR(VLOOKUP(O49,Capacity!$A$3:$F$532,6,), "0") -> 0.75 | R49: =$P49 -> 150.2074 | S49: =$Q49 -> 0.75 | U49: 128 | V49: 3 | W49: 3 | X49: 1 | AB49: =($M49/$R49) -> 0.40366013 | AC49: =($M49/$B49) -> 1.9494949 | AD49: =($N49/$S49) -> 0.63333333 | AE49: =($N49/$C49) -> 1.5833333 | AG49: =$M49/($R49+$B49) -> 0.33441629
A50: 139 | B50: =IFERROR(VLOOKUP(A50,Capacity!$A$3:$D$532,4,), "0") -> 48.066367 | C50: =IFERROR(VLOOKUP(A50,Capacity!$A$3:$F$532,6,), "0") -> 0.3 | D50: 140 | E50: =IFERROR(VLOOKUP(D50,Capacity!$A$3:$D$532,4,), "0") -> 45.238933 | F50: =IFERROR(VLOOKUP(D50,Capacity!$A$3:$F$532,6,), "0") -> 0.3 | H50: =IFERROR(VLOOKUP(G50,Capacity!$A$3:$D$532,4,), "0") -> 0 | I50: =IFERROR(VLOOKUP(G50,Capacity!$A$3:$F$532,6,), "0") -> 0 | K50: =IFERROR(VLOOKUP(J50,Capacity!$A$3:$D$532,4,), "0") -> 0 | L50: =IFERROR(VLOOKUP(J50,Capacity!$A$3:$F$532,6,), "0") -> 0 | M50: =$E50+$H50+$K50 -> 45.238933 | N50: =$F50+$I50+$L50 -> 0.3 | O50: 138 | P50: =IFERROR(VLOOKUP(O50,Capacity!$A$3:$D$532,4,), "0") -> 48.066367 | Q50: =IFERROR(VLOOKUP(O50,Capacity!$A$3:$F$532,6,), "0") -> 0.3 | R50: =$P50 -> 48.066367 | S50: =$Q50 -> 0.3 | U50: 139 | V50: 2 | W50: 2 | X50: 1 | AB50: =($M50/$R50) -> 0.94117647 | AC50: =($M50/$B50) -> 0.94117647 | AD50: =($N50/$S50) -> 1 | AE50: =($N50/$C50) -> 1 | AG50: =$M50/($R50+$B50) -> 0.47058824
A51: 141 | B51: =IFERROR(VLOOKUP(A51,Capacity!$A$3:$D$532,4,), "0") -> 17.799086 | C51: =IFERROR(VLOOKUP(A51,Capacity!$A$3:$F$532,6,), "0") -> 0.175 | D51: 444 | E51: =IFERROR(VLOOKUP(D51,Capacity!$A$3:$D$532,4,), "0") -> 7.6969019 | F51: =IFERROR(VLOOKUP(D51,Capacity!$A$3:$F$532,6,), "0") -> 0.175 | G51: 91 | H51: =IFERROR(VLOOKUP(G51,Capacity!$A$3:$D$532,4,), "0") -> 21.16648 | I51: =IFERROR(VLOOKUP(G51,Capacity!$A$3:$F$532,6,), "0") -> 0.175 | K51: =IFERROR(VLOOKUP(J51,Capacity!$A$3:$D$532,4,), "0") -> 0 | L51: =IFERROR(VLOOKUP(J51,Capacity!$A$3:$F$532,6,), "0") -> 0 | M51: =$E51+$H51+$K51 -> 28.863382 | N51: =$F51+$I51+$L51 -> 0.35 | O51: 142 | P51: =IFERROR(VLOOKUP(O51,Capacity!$A$3:$D$532,4,), "0") -> 17.799086 | Q51: =IFERROR(VLOOKUP(O51,Capacity!$A$3:$F$532,6,), "0") -> 0.175 | R51: =$P51 -> 17.799086 | S51: =$Q51 -> 0.175 | U51: 141 | V51: 3 | W51: 3 | X51: 1 | AB51: =($M51/$R51) -> 1.6216216 | AC51: =($M51/$B51) -> 1.6216216 | AD51: =($N51/$S51) -> 2 | AE51: =($N51/$C51) -> 2 | AG51: =$M51/($R51+$B51) -> 0.81081081
A52: 445 | B52: =IFERROR(VLOOKUP(A52,Capacity!$A$3:$D$532,4,), "0") -> 7.6969019 | C52: =IFERROR(VLOOKUP(A52,Capacity!$A$3:$F$532,6,), "0") -> 0.175 | E52: =IFERROR(VLOOKUP(D52,Capacity!$A$3:$D$532,4,), "0") -> 0 | F52: =IFERROR(VLOOKUP(D52,Capacity!$A$3:$F$532,6,), "0") -> 0 | H52: =IFERROR(VLOOKUP(G52,Capacity!$A$3:$D$532,4,), "0") -> 0 | I52: =IFERROR(VLOOKUP(G52,Capacity!$A$3:$F$532,6,), "0") -> 0 | K52: =IFERROR(VLOOKUP(J52,Capacity!$A$3:$D$532,4,), "0") -> 0 | L52: =IFERROR(VLOOKUP(J52,Capacity!$A$3:$F$532,6,), "0") -> 0 | M52: =$E52+$H52+$K52 -> 0 | N52: =$F52+$I52+$L52 -> 0 | O52: 145 | P52: =IFERROR(VLOOKUP(O52,Capacity!$A$3:$D$532,4,), "0") -> 23.876104 | Q52: =IFERROR(VLOOKUP(O52,Capacity!$A$3:$F$532,6,), "0") -> 0.2 | R52: =$P52 -> 23.876104 | S52: =$Q52 -> 0.2 | U52: 445 | V52: 0 | W52: 0 | X52: 1 | AB52: =($M52/$R52) -> 0 | AC52: =($M52/$B52) -> 0 | AD52: =($N52/$S52) -> 0 | AE52: =($N52/$C52) -> 0 | AG52: =$M52/($R52+$B52) -> 0
A53: 89 | B53: =IFERROR(VLOOKUP(A53,Capacity!$A$3:$D$532,4,), "0") -> 27.646015 | C53: =IFERROR(VLOOKUP(A53,Capacity!$A$3:$F$532,6,), "0") -> 0.2 | D53: 421 | E53: =IFERROR(VLOOKUP(D53,Capacity!$A$3:$D$532,4,), "0") -> 7.6969019 | F53: =IFERROR(VLOOKUP(D53,Capacity!$A$3:$F$532,6,), "0") -> 0.175 | G53: 50 | H53: =IFERROR(VLOOKUP(G53,Capacity!$A$3:$D$532,4,), "0") -> 28.274333 | I53: =IFERROR(VLOOKUP(G53,Capacity!$A$3:$F$532,6,), "0") -> 0.2 | K53: =IFERROR(VLOOKUP(J53,Capacity!$A$3:$D$532,4,), "0") -> 0 | L53: =IFERROR(VLOOKUP(J53,Capacity!$A$3:$F$532,6,), "0") -> 0 | M53: =$E53+$H53+$K53 -> 35.971235 | N53: =$F53+$I53+$L53 -> 0.375 | O53: 145 | P53: =IFERROR(VLOOKUP(O53,Capacity!$A$3:$D$532,4,), "0") -> 23.876104 | Q53: =IFERROR(VLOOKUP(O53,Capacity!$A$3:$F$532,6,), "0") -> 0.2 | R53: =$P53 -> 23.876104 | S53: =$Q53 -> 0.2 | U53: 89 | V53: 3 | W53: 3 | X53: 1 | AB53: =($M53/$R53) -> 1.5065789 | AC53: =($M53/$B53) -> 1.3011364 | AD53: =($N53/$S53) -> 1.875 | AE53: =($N53/$C53) -> 1.875 | AG53: =$M53/($R53+$B53) -> 0.69817073
A54: 420 | B54: =IFERROR(VLOOKUP(A54,Capacity!$A$3:$D$532,4,), "0") -> 7.6969019 | C54: =IFERROR(VLOOKUP(A54,Capacity!$A$3:$F$532,6,), "0") -> 0.175 | E54: =IFERROR(VLOOKUP(D54,Capacity!$A$3:$D$532,4,), "0") -> 0 | F54: =IFERROR(VLOOKUP(D54,Capacity!$A$3:$F$532,6,), "0") -> 0 | H54: =IFERROR(VLOOKUP(G54,Capacity!$A$3:$D$532,4,), "0") -> 0 | I54: =IFERROR(VLOOKUP(G54,Capacity!$A$3:$F$532,6,), "0") -> 0 | K54: =IFERROR(VLOOKUP(J54,Capacity!$A$3:$D$532,4,), "0") -> 0 | L54: =IFERROR(VLOOKUP(J54,Capacity!$A$3:$F$532,6,), "0") -> 0 | M54: =$E54+$H54+$K54 -> 0 | N54: =$F54+$I54+$L54 -> 0 | O54: 88 | P54: =IFERROR(VLOOKUP(O54,Capacity!$A$3:$D$532,4,), "0") -> 172.78759 | Q54: =IFERROR(VLOOKUP(O54,Capacity!$A$3:$F$532,6,), "0") -> 0.5 | R54: =$P54 -> 172.78759 | S54: =$Q54 -> 0.5 | U54: 420 | V54: 0 | W54: 0 | X54: 1 | AB54: =($M54/$R54) -> 0 | AC54: =($M54/$B54) -> 0 | AD54: =($N54/$S54) -> 0 | AE54: =($N54/$C54) -> 0 | AG54: =$M54/($R54+$B54) -> 0
A55: 49 | B55: =IFERROR(VLOOKUP(A55,Capacity!$A$3:$D$532,4,), "0") -> 21.647537 | C55: =IFERROR(VLOOKUP(A55,Capacity!$A$3:$F$532,6,), "0") -> 0.175 | D55: 375 | E55: =IFERROR(VLOOKUP(D55,Capacity!$A$3:$D$532,4,), "0") -> 7.6969019 | F55: =IFERROR(VLOOKUP(D55,Capacity!$A$3:$F$532,6,), "0") -> 0.175 | G55: 22 | H55: =IFERROR(VLOOKUP(G55,Capacity!$A$3:$D$532,4,), "0") -> 24.052818 | I55: =IFERROR(VLOOKUP(G55,Capacity!$A$3:$F$532,6,), "0") -> 0.175 | K55: =IFERROR(VLOOKUP(J55,Capacity!$A$3:$D$532,4,), "0") -> 0 | L55: =IFERROR(VLOOKUP(J55,Capacity!$A$3:$F$532,6,), "0") -> 0 | M55: =$E55+$H55+$K55 -> 31.74972 | N55: =$F55+$I55+$L55 -> 0.35 | O55: 88 | P55: =IFERROR(VLOOKUP(O55,Capacity!$A$3:$D$532,4,), "0") -> 172.78759 | Q55: =IFERROR(VLOOKUP(O55,Capacity!$A$3:$F$532,6,), "0") -> 0.5 | R55: =$P55 -> 172.78759 | S55: =$Q55 -> 0.5 | U55: 49 | V55: 2 | W55: 2 | X55: 1 | AB55: =($M55/$R55) -> 0.18375 | AC55: =($M55/$B55) -> 1.4666667 | AD55: =($N55/$S55) -> 0.7 | AE55: =($N55/$C55) -> 2 | AG55: =$M55/($R55+$B55) -> 0.1632921
A56: 374 | B56: =IFERROR(VLOOKUP(A56,Capacity!$A$3:$D$532,4,), "0") -> 7.6969019 | C56: =IFERROR(VLOOKUP(A56,Capacity!$A$3:$F$532,6,), "0") -> 0.175 | E56: =IFERROR(VLOOKUP(D56,Capacity!$A$3:$D$532,4,), "0") -> 0 | F56: =IFERROR(VLOOKUP(D56,Capacity!$A$3:$F$532,6,), "0") -> 0 | H56: =IFERROR(VLOOKUP(G56,Capacity!$A$3:$D$532,4,), "0") -> 0 | I56: =IFERROR(VLOOKUP(G56,Capacity!$A$3:$F$532,6,), "0") -> 0 | K56: =IFERROR(VLOOKUP(J56,Capacity!$A$3:$D$532,4,), "0") -> 0 | L56: =IFERROR(VLOOKUP(J56,Capacity!$A$3:$F$532,6,), "0") -> 0 | M56: =$E56+$H56+$K56 -> 0 | N56: =$F56+$I56+$L56 -> 0 | O56: 48 | P56: =IFERROR(VLOOKUP(O56,Capacity!$A$3:$D$532,4,), "0") -> 397.60781 | Q56: =IFERROR(VLOOKUP(O56,Capacity!$A$3:$F$532,6,), "0") -> 0.75 | R56: =$P56 -> 397.60781 | S56: =$Q56 -> 0.75 | U56: 374 | V56: 0 | W56: 0 | X56: 1 | AB56: =($M56/$R56) -> 0 | AC56: =($M56/$B56) -> 0 | AD56: =($N56/$S56) -> 0 | AE56: =($N56/$C56) -> 0 | AG56: =$M56/($R56+$B56) -> 0
A57: 47 | B57: =IFERROR(VLOOKUP(A57,Capacity!$A$3:$D$532,4,), "0") -> 141.37167 | C57: =IFERROR(VLOOKUP(A57,Capacity!$A$3:$F$532,6,), "0") -> 0.75 | D57: 25 | E57: =IFERROR(VLOOKUP(D57,Capacity!$A$3:$D$532,4,), "0") -> 424.115 | F57: =IFERROR(VLOOKUP(D57,Capacity!$A$3:$F$532,6,), "0") -> 0.75 | G57: 45 | H57: =IFERROR(VLOOKUP(G57,Capacity!$A$3:$D$532,4,), "0") -> 40.212385 | I57: =IFERROR(VLOOKUP(G57,Capacity!$A$3:$F$532,6,), "0") -> 0.4 | J57: 418 | K57: =IFERROR(VLOOKUP(J57,Capacity!$A$3:$D$532,4,), "0") -> 21.647537 | L57: =IFERROR(VLOOKUP(J57,Capacity!$A$3:$F$532,6,), "0") -> 0.175 | M57: =$E57+$H57+$K57 -> 485.97492 | N57: =$F57+$I57+$L57 -> 1.325 | O57: 48 | P57: =IFERROR(VLOOKUP(O57,Capacity!$A$3:$D$532,4,), "0") -> 397.60781 | Q57: =IFERROR(VLOOKUP(O57,Capacity!$A$3:$F$532,6,), "0") -> 0.75 | R57: =$P57 -> 397.60781 | S57: =$Q57 -> 0.75 | U57: 47 | V57: 3 | W57: 3 | X57: 1 | AB57: =($M57/$R57) -> 1.2222469 | AC57: =($M57/$B57) -> 3.4375694 | AD57: =($N57/$S57) -> 1.7666667 | AE57: =($N57/$C57) -> 1.7666667 | AG57: =$M57/($R57+$B57) -> 0.90165756
A58: 23 | B58: =IFERROR(VLOOKUP(A58,Capacity!$A$3:$D$532,4,), "0") -> 125.6637 | C58: =IFERROR(VLOOKUP(A58,Capacity!$A$3:$F$532,6,), "0") -> 0.4 | D58: 348 | E58: =IFERROR(VLOOKUP(D58,Capacity!$A$3:$D$532,4,), "0") -> 108.07079 | F58: =IFERROR(VLOOKUP(D58,Capacity!$A$3:$F$532,6,), "0") -> 0.4 | G58: 365 | H58: =IFERROR(VLOOKUP(G58,Capacity!$A$3:$D$532,4,), "0") -> 3.8484509 | I58: =IFERROR(VLOOKUP(G58,Capacity!$A$3:$F$532,6,), "0") -> 0.175 | K58: =IFERROR(VLOOKUP(J58,Capacity!$A$3:$D$532,4,), "0") -> 0 | L58: =IFERROR(VLOOKUP(J58,Capacity!$A$3:$F$532,6,), "0") -> 0 | M58: =$E58+$H58+$K58 -> 111.91924 | N58: =$F58+$I58+$L58 -> 0.575 | O58: 48 | P58: =IFERROR(VLOOKUP(O58,Capacity!$A$3:$D$532,4,), "0") -> 397.60781 | Q58: =IFERROR(VLOOKUP(O58,Capacity!$A$3:$F$532,6,), "0") -> 0.75 | R58: =$P58 -> 397.60781 | S58: =$Q58 -> 0.75 | U58: 23 | V58: 2 | W58: 2 | X58: 1 | AB58: =($M58/$R58) -> 0.28148148 | AC58: =($M58/$B58) -> 0.890625 | AD58: =($N58/$S58) -> 0.76666667 | AE58: =($N58/$C58) -> 1.4375 | AG58: =$M58/($R58+$B58) -> 0.21388368
A59: 85 | B59: =IFERROR(VLOOKUP(A59,Capacity!$A$3:$D$532,4,), "0") -> 90.477867 | C59: =IFERROR(VLOOKUP(A59,Capacity!$A$3:$F$532,6,), "0") -> 0.6 | D59: 84 | E59: =IFERROR(VLOOKUP(D59,Capacity!$A$3:$D$532,4,), "0") -> 90.477867 | F59: =IFERROR(VLOOKUP(D59,Capacity!$A$3:$F$532,6,), "0") -> 0.6 | H59: =IFERROR(VLOOKUP(G59,Capacity!$A$3:$D$532,4,), "0") -> 0 | I59: =IFERROR(VLOOKUP(G59,Capacity!$A$3:$F$532,6,), "0") -> 0 | K59: =IFERROR(VLOOKUP(J59,Capacity!$A$3:$D$532,4,), "0") -> 0 | L59: =IFERROR(VLOOKUP(J59,Capacity!$A$3:$F$532,6,), "0") -> 0 | M59: =$E59+$H59+$K59 -> 90.477867 | N59: =$F59+$I59+$L59 -> 0.6 | O59: 86 | P59: =IFERROR(VLOOKUP(O59,Capacity!$A$3:$D$532,4,), "0") -> 90.477867 | Q59: =IFERROR(VLOOKUP(O59,Capacity!$A$3:$F$532,6,), "0") -> 0.6 | R59: =$P59 -> 90.477867 | S59: =$Q59 -> 0.6 | U59: 85 | V59: 1 | W59: 1 | X59: 1 | AB59: =($M59/$R59) -> 1 | AC59: =($M59/$B59) -> 1 | AD59: =($N59/$S59) -> 1 | AE59: =($N59/$C59) -> 1 | AG59: =$M59/($R59+$B59) -> 0.5
A60: 417 | B60: =IFERROR(VLOOKUP(A60,Capacity!$A$3:$D$532,4,), "0") -> 21.16648 | C60: =IFERROR(VLOOKUP(A60,Capacity!$A$3:$F$532,6,), "0") -> 0.175 | E60: =IFERROR(VLOOKUP(D60,Capacity!$A$3:$D$532,4,), "0") -> 0 | F60: =IFERROR(VLOOKUP(D60,Capacity!$A$3:$F$532,6,), "0") -> 0 | H60: =IFERROR(VLOOKUP(G60,Capacity!$A$3:$D$532,4,), "0") -> 0 | I60: =IFERROR(VLOOKUP(G60,Capacity!$A$3:$F$532,6,), "0") -> 0 | K60: =IFERROR(VLOOKUP(J60,Capacity!$A$3:$D$532,4,), "0") -> 0 | L60: =IFERROR(VLOOKUP(J60,Capacity!$A$3:$F$532,6,), "0") -> 0 | M60: =$E60+$H60+$K60 -> 0 | N60: =$F60+$I60+$L60 -> 0 | O60: 164 | P60: =IFERROR(VLOOKUP(O60,Capacity!$A$3:$D$532,4,), "0") -> 22.619467 | Q60: =IFERROR(VLOOKUP(O60,Capacity!$A$3:$F$532,6,), "0") -> 0.3 | R60: =$P60 -> 22.619467 | S60: =$Q60 -> 0.3 | U60: 417 | V60: 0 | W60: 0 | X60: 1 | AB60: =($M60/$R60) -> 0 | AC60: =($M60/$B60) -> 0 | AD60: =($N60/$S60) -> 0 | AE60: =($N60/$C60) -> 0 | AG60: =$M60/($R60+$B60) -> 0
A61: 170 | B61: =IFERROR(VLOOKUP(A61,Capacity!$A$3:$D$532,4,), "0") -> 22.619467 | C61: =IFERROR(VLOOKUP(A61,Capacity!$A$3:$F$532,6,), "0") -> 0.3 | D61: 415 | E61: =IFERROR(VLOOKUP(D61,Capacity!$A$3:$D$532,4,), "0") -> 21.16648 | F61: =IFERROR(VLOOKUP(D61,Capacity!$A$3:$F$532,6,), "0") -> 0.175 | G61: 173 | H61: =IFERROR(VLOOKUP(G61,Capacity!$A$3:$D$532,4,), "0") -> 22.619467 | I61: =IFERROR(VLOOKUP(G61,Capacity!$A$3:$F$532,6,), "0") -> 0.3 | K61: =IFERROR(VLOOKUP(J61,Capacity!$A$3:$D$532,4,), "0") -> 0 | L61: =IFERROR(VLOOKUP(J61,Capacity!$A$3:$F$532,6,), "0") -> 0 | M61: =$E61+$H61+$K61 -> 43.785947 | N61: =$F61+$I61+$L61 -> 0.475 | O61: 164 | P61: =IFERROR(VLOOKUP(O61,Capacity!$A$3:$D$532,4,), "0") -> 22.619467 | Q61: =IFERROR(VLOOKUP(O61,Capacity!$A$3:$F$532,6,), "0") -> 0.3 | R61: =$P61 -> 22.619467 | S61: =$Q61 -> 0.3 | U61: 170 | V61: 2 | W61: 2 | X61: 1 | AB61: =($M61/$R61) -> 1.9357639 | AC61: =($M61/$B61) -> 1.9357639 | AD61: =($N61/$S61) -> 1.5833333 | AE61: =($N61/$C61) -> 1.5833333 | AG61: =$M61/($R61+$B61) -> 0.96788194
A62: 452 | B62: =IFERROR(VLOOKUP(A62,Capacity!$A$3:$D$532,4,), "0") -> 15.87486 | C62: =IFERROR(VLOOKUP(A62,Capacity!$A$3:$F$532,6,), "0") -> 0.175 | E62: =IFERROR(VLOOKUP(D62,Capacity!$A$3:$D$532,4,), "0") -> 0 | F62: =IFERROR(VLOOKUP(D62,Capacity!$A$3:$F$532,6,), "0") -> 0 | H62: =IFERROR(VLOOKUP(G62,Capacity!$A$3:$D$532,4,), "0") -> 0 | I62: =IFERROR(VLOOKUP(G62,Capacity!$A$3:$F$532,6,), "0") -> 0 | K62: =IFERROR(VLOOKUP(J62,Capacity!$A$3:$D$532,4,), "0") -> 0 | L62: =IFERROR(VLOOKUP(J62,Capacity!$A$3:$F$532,6,), "0") -> 0 | M62: =$E62+$H62+$K62 -> 0 | N62: =$F62+$I62+$L62 -> 0 | O62: 165 | P62: =IFERROR(VLOOKUP(O62,Capacity!$A$3:$D$532,4,), "0") -> 15.87486 | Q62: =IFERROR(VLOOKUP(O62,Capacity!$A$3:$F$532,6,), "0") -> 0.175 | R62: =$P62 -> 15.87486 | S62: =$Q62 -> 0.175 | U62: 452 | V62: 0 | W62: 0 | X62: 1 | AB62: =($M62/$R62) -> 0 | AC62: =($M62/$B62) -> 0 | AD62: =($N62/$S62) -> 0 | AE62: =($N62/$C62) -> 0 | AG62: =$M62/($R62+$B62) -> 0
A63: 175 | B63: =IFERROR(VLOOKUP(A63,Capacity!$A$3:$D$532,4,), "0") -> 17.649467 | C63: =IFERROR(VLOOKUP(A63,Capacity!$A$3:$F$532,6,), "0") -> 0.265 | D63: 174 | E63: =IFERROR(VLOOKUP(D63,Capacity!$A$3:$D$532,4,), "0") -> 15.87486 | F63: =IFERROR(VLOOKUP(D63,Capacity!$A$3:$F$532,6,), "0") -> 0.175 | G63: 181 | H63: =IFERROR(VLOOKUP(G63,Capacity!$A$3:$D$532,4,), "0") -> 7.6969019 | I63: =IFERROR(VLOOKUP(G63,Capacity!$A$3:$F$532,6,), "0") -> 0.175 | K63: =IFERROR(VLOOKUP(J63,Capacity!$A$3:$D$532,4,), "0") -> 0 | L63: =IFERROR(VLOOKUP(J63,Capacity!$A$3:$F$532,6,), "0") -> 0 | M63: =$E63+$H63+$K63 -> 23.571762 | N63: =$F63+$I63+$L63 -> 0.35 | O63: 172 | P63: =IFERROR(VLOOKUP(O63,Capacity!$A$3:$D$532,4,), "0") -> 22.619467 | Q63: =IFERROR(VLOOKUP(O63,Capacity!$A$3:$F$532,6,), "0") -> 0.3 | R63: =$P63 -> 22.619467 | S63: =$Q63 -> 0.3 | U63: 175 | V63: 3 | W63: 3 | X63: 1 | AB63: =($M63/$R63) -> 1.0421007 | AC63: =($M63/$B63) -> 1.3355509 | AD63: =($N63/$S63) -> 1.1666667 | AE63: =($N63/$C63) -> 1.3207547 | AG63: =$M63/($R63+$B63) -> 0.58535848
A64: 171 | B64: =IFERROR(VLOOKUP(A64,Capacity!$A$3:$D$532,4,), "0") -> 291.57906 | C64: =IFERROR(VLOOKUP(A64,Capacity!$A$3:$F$532,6,), "0") -> 0.75 | D64: 453 | E64: =IFERROR(VLOOKUP(D64,Capacity!$A$3:$D$532,4,), "0") -> 15.87486 | F64: =IFERROR(VLOOKUP(D64,Capacity!$A$3:$F$532,6,), "0") -> 0.175 | H64: =IFERROR(VLOOKUP(G64,Capacity!$A$3:$D$532,4,), "0") -> 0 | I64: =IFERROR(VLOOKUP(G64,Capacity!$A$3:$F$532,6,), "0") -> 0 | K64: =IFERROR(VLOOKUP(J64,Capacity!$A$3:$D$532,4,), "0") -> 0 | L64: =IFERROR(VLOOKUP(J64,Capacity!$A$3:$F$532,6,), "0") -> 0 | M64: =$E64+$H64+$K64 -> 15.87486 | N64: =$F64+$I64+$L64 -> 0.175 | O64: 172 | P64: =IFERROR(VLOOKUP(O64,Capacity!$A$3:$D$532,4,), "0") -> 22.619467 | Q64: =IFERROR(VLOOKUP(O64,Capacity!$A$3:$F$532,6,), "0") -> 0.3 | R64: =$P64 -> 22.619467 | S64: =$Q64 -> 0.3 | U64: 171 | V64: 2 | W64: 2 | X64: 1 | AB64: =($M64/$R64) -> 0.70182292 | AC64: =($M64/$B64) -> 0.054444444 | AD64: =($N64/$S64) -> 0.58333333 | AE64: =($N64/$C64) -> 0.23333333 | AG64: =$M64/($R64+$B64) -> 0.050524934
A65: 195 | B65: =IFERROR(VLOOKUP(A65,Capacity!$A$3:$D$532,4,), "0") -> 20.734511 | C65: =IFERROR(VLOOKUP(A65,Capacity!$A$3:$F$532,6,), "0") -> 0.2 | D65: 464 | E65: =IFERROR(VLOOKUP(D65,Capacity!$A$3:$D$532,4,), "0") -> 19.242255 | F65: =IFERROR(VLOOKUP(D65,Capacity!$A$3:$F$532,6,), "0") -> 0.175 | G65: 216 | H65: =IFERROR(VLOOKUP(G65,Capacity!$A$3:$D$532,4,), "0") -> 14.451326 | I65: =IFERROR(VLOOKUP(G65,Capacity!$A$3:$F$532,6,), "0") -> 0.2 | K65: =IFERROR(VLOOKUP(J65,Capacity!$A$3:$D$532,4,), "0") -> 0 | L65: =IFERROR(VLOOKUP(J65,Capacity!$A$3:$F$532,6,), "0") -> 0 | M65: =$E65+$H65+$K65 -> 33.693581 | N65: =$F65+$I65+$L65 -> 0.375 | O65: 188 | P65: =IFERROR(VLOOKUP(O65,Capacity!$A$3:$D$532,4,), "0") -> 40.212385 | Q65: =IFERROR(VLOOKUP(O65,Capacity!$A$3:$F$532,6,), "0") -> 0.4 | R65: =$P65 -> 40.212385 | S65: =$Q65 -> 0.4 | U65: 195 | V65: 3 | W65: 3 | X65: 1 | AB65: =($M65/$R65) -> 0.83789062 | AC65: =($M65/$B65) -> 1.625 | AD65: =($N65/$S65) -> 0.9375 | AE65: =($N65/$C65) -> 1.875 | AG65: =$M65/($R65+$B65) -> 0.55283505
A66: 187 | B66: =IFERROR(VLOOKUP(A66,Capacity!$A$3:$D$532,4,), "0") -> 100.53096 | C66: =IFERROR(VLOOKUP(A66,Capacity!$A$3:$F$532,6,), "0") -> 0.4 | D66: 460 | E66: =IFERROR(VLOOKUP(D66,Capacity!$A$3:$D$532,4,), "0") -> 19.242255 | F66: =IFERROR(VLOOKUP(D66,Capacity!$A$3:$F$532,6,), "0") -> 0.175 | G66: 194 | H66: =IFERROR(VLOOKUP(G66,Capacity!$A$3:$D$532,4,), "0") -> 80.424771 | I66: =IFERROR(VLOOKUP(G66,Capacity!$A$3:$F$532,6,), "0") -> 0.4 | K66: =IFERROR(VLOOKUP(J66,Capacity!$A$3:$D$532,4,), "0") -> 0 | L66: =IFERROR(VLOOKUP(J66,Capacity!$A$3:$F$532,6,), "0") -> 0 | M66: =$E66+$H66+$K66 -> 99.667025 | N66: =$F66+$I66+$L66 -> 0.575 | O66: 188 | P66: =IFERROR(VLOOKUP(O66,Capacity!$A$3:$D$532,4,), "0") -> 40.212385 | Q66: =IFERROR(VLOOKUP(O66,Capacity!$A$3:$F$532,6,), "0") -> 0.4 | R66: =$P66 -> 40.212385 | S66: =$Q66 -> 0.4 | U66: 187 | V66: 3 | W66: 3 | X66: 1 | AB66: =($M66/$R66) -> 2.4785156 | AC66: =($M66/$B66) -> 0.99140625 | AD66: =($N66/$S66) -> 1.4375 | AE66: =($N66/$C66) -> 1.4375 | AG66: =$M66/($R66+$B66) -> 0.70814732
A67: 129 | B67: =IFERROR(VLOOKUP(A67,Capacity!$A$3:$D$532,4,), "0") -> 15.393804 | C67: =IFERROR(VLOOKUP(A67,Capacity!$A$3:$F$532,6,), "0") -> 0.175 | D67: 439 | E67: =IFERROR(VLOOKUP(D67,Capacity!$A$3:$D$532,4,), "0") -> 15.393804 | F67: =IFERROR(VLOOKUP(D67,Capacity!$A$3:$F$532,6,), "0") -> 0.175 | G67: 131 | H67: =IFERROR(VLOOKUP(G67,Capacity!$A$3:$D$532,4,), "0") -> 22.128593 | I67: =IFERROR(VLOOKUP(G67,Capacity!$A$3:$F$532,6,), "0") -> 0.175 | K67: =IFERROR(VLOOKUP(J67,Capacity!$A$3:$D$532,4,), "0") -> 0 | L67: =IFERROR(VLOOKUP(J67,Capacity!$A$3:$F$532,6,), "0") -> 0 | M67: =$E67+$H67+$K67 -> 37.522397 | N67: =$F67+$I67+$L67 -> 0.35 | O67: 128 | P67: =IFERROR(VLOOKUP(O67,Capacity!$A$3:$D$532,4,), "0") -> 31.101767 | Q67: =IFERROR(VLOOKUP(O67,Capacity!$A$3:$F$532,6,), "0") -> 0.3 | R67: =$P67 -> 31.101767 | S67: =$Q67 -> 0.3 | U67: 129 | V67: 3 | W67: 3 | X67: 1 | AB67: =($M67/$R67) -> 1.2064394 | AC67: =($M67/$B67) -> 2.4375 | AD67: =($N67/$S67) -> 1.1666667 | AE67: =($N67/$C67) -> 2 | AG67: =$M67/($R67+$B67) -> 0.80701014
A68: 127 | B68: =IFERROR(VLOOKUP(A68,Capacity!$A$3:$D$532,4,), "0") -> 45.238933 | C68: =IFERROR(VLOOKUP(A68,Capacity!$A$3:$F$532,6,), "0") -> 0.3 | D68: 120 | E68: =IFERROR(VLOOKUP(D68,Capacity!$A$3:$D$532,4,), "0") -> 10.681415 | F68: =IFERROR(VLOOKUP(D68,Capacity!$A$3:$F$532,6,), "0") -> 0.2 | G68: 126 | H68: =IFERROR(VLOOKUP(G68,Capacity!$A$3:$D$532,4,), "0") -> 12.507466 | I68: =IFERROR(VLOOKUP(G68,Capacity!$A$3:$F$532,6,), "0") -> 0.175 | K68: =IFERROR(VLOOKUP(J68,Capacity!$A$3:$D$532,4,), "0") -> 0 | L68: =IFERROR(VLOOKUP(J68,Capacity!$A$3:$F$532,6,), "0") -> 0 | M68: =$E68+$H68+$K68 -> 23.18888 | N68: =$F68+$I68+$L68 -> 0.375 | O68: 128 | P68: =IFERROR(VLOOKUP(O68,Capacity!$A$3:$D$532,4,), "0") -> 31.101767 | Q68: =IFERROR(VLOOKUP(O68,Capacity!$A$3:$F$532,6,), "0") -> 0.3 | R68: =$P68 -> 31.101767 | S68: =$Q68 -> 0.3 | U68: 127 | V68: 2 | W68: 2 | X68: 1 | AB68: =($M68/$R68) -> 0.74558081 | AC68: =($M68/$B68) -> 0.51258681 | AD68: =($N68/$S68) -> 1.25 | AE68: =($N68/$C68) -> 1.25 | AG68: =$M68/($R68+$B68) -> 0.30375514
A69: 133 | B69: =IFERROR(VLOOKUP(A69,Capacity!$A$3:$D$532,4,), "0") -> 273.9076 | C69: =IFERROR(VLOOKUP(A69,Capacity!$A$3:$F$532,6,), "0") -> 0.75 | D69: 132 | E69: =IFERROR(VLOOKUP(D69,Capacity!$A$3:$D$532,4,), "0") -> 175.30087 | F69: =IFERROR(VLOOKUP(D69,Capacity!$A$3:$F$532,6,), "0") -> 0.6 | H69: =IFERROR(VLOOKUP(G69,Capacity!$A$3:$D$532,4,), "0") -> 0 | I69: =IFERROR(VLOOKUP(G69,Capacity!$A$3:$F$532,6,), "0") -> 0 | K69: =IFERROR(VLOOKUP(J69,Capacity!$A$3:$D$532,4,), "0") -> 0 | L69: =IFERROR(VLOOKUP(J69,Capacity!$A$3:$F$532,6,), "0") -> 0 | M69: =$E69+$H69+$K69 -> 175.30087 | N69: =$F69+$I69+$L69 -> 0.6 | O69: 134 | P69: =IFERROR(VLOOKUP(O69,Capacity!$A$3:$D$532,4,), "0") -> 273.9076 | Q69: =IFERROR(VLOOKUP(O69,Capacity!$A$3:$F$532,6,), "0") -> 0.75 | R69: =$P69 -> 273.9076 | S69: =$Q69 -> 0.75 | U69: 133 | V69: 1 | W69: 1 | X69: 1 | AB69: =($M69/$R69) -> 0.64 | AC69: =($M69/$B69) -> 0.64 | AD69: =($N69/$S69) -> 0.8 | AE69: =($N69/$C69) -> 0.8 | AG69: =$M69/($R69+$B69) -> 0.32
A70: 140 | B70: =IFERROR(VLOOKUP(A70,Capacity!$A$3:$D$532,4,), "0") -> 45.238933 | C70: =IFERROR(VLOOKUP(A70,Capacity!$A$3:$F$532,6,), "0") -> 0.3 | D70: 443 | E70: =IFERROR(VLOOKUP(D70,Capacity!$A$3:$D$532,4,), "0") -> 7.6969019 | F70: =IFERROR(VLOOKUP(D70,Capacity!$A$3:$F$532,6,), "0") -> 0.175 | G70: 92 | H70: =IFERROR(VLOOKUP(G70,Capacity!$A$3:$D$532,4,), "0") -> 48.536035 | I70: =IFERROR(VLOOKUP(G70,Capacity!$A$3:$F$532,6,), "0") -> 0.265 | K70: =IFERROR(VLOOKUP(J70,Capacity!$A$3:$D$532,4,), "0") -> 0 | L70: =IFERROR(VLOOKUP(J70,Capacity!$A$3:$F$532,6,), "0") -> 0 | M70: =$E70+$H70+$K70 -> 56.232937 | N70: =$F70+$I70+$L70 -> 0.44 | O70: 139 | P70: =IFERROR(VLOOKUP(O70,Capacity!$A$3:$D$532,4,), "0") -> 48.066367 | Q70: =IFERROR(VLOOKUP(O70,Capacity!$A$3:$F$532,6,), "0") -> 0.3 | R70: =$P70 -> 48.066367 | S70: =$Q70 -> 0.3 | U70: 140 | V70: 3 | W70: 3 | X70: 1 | AB70: =($M70/$R70) -> 1.169902 | AC70: =($M70/$B70) -> 1.2430208 | AD70: =($N70/$S70) -> 1.4666667 | AE70: =($N70/$C70) -> 1.4666667 | AG70: =$M70/($R70+$B70) -> 0.60267677
A71: 444 | B71: =IFERROR(VLOOKUP(A71,Capacity!$A$3:$D$532,4,), "0") -> 7.6969019 | C71: =IFERROR(VLOOKUP(A71,Capacity!$A$3:$F$532,6,), "0") -> 0.175 | E71: =IFERROR(VLOOKUP(D71,Capacity!$A$3:$D$532,4,), "0") -> 0 | F71: =IFERROR(VLOOKUP(D71,Capacity!$A$3:$F$532,6,), "0") -> 0 | H71: =IFERROR(VLOOKUP(G71,Capacity!$A$3:$D$532,4,), "0") -> 0 | I71: =IFERROR(VLOOKUP(G71,Capacity!$A$3:$F$532,6,), "0") -> 0 | K71: =IFERROR(VLOOKUP(J71,Capacity!$A$3:$D$532,4,), "0") -> 0 | L71: =IFERROR(VLOOKUP(J71,Capacity!$A$3:$F$532,6,), "0") -> 0 | M71: =$E71+$H71+$K71 -> 0 | N71: =$F71+$I71+$L71 -> 0 | O71: 141 | P71: =IFERROR(VLOOKUP(O71,Capacity!$A$3:$D$532,4,), "0") -> 17.799086 | Q71: =IFERROR(VLOOKUP(O71,Capacity!$A$3:$F$532,6,), "0") -> 0.175 | R71: =$P71 -> 17.799086 | S71: =$Q71 -> 0.175 | U71: 444 | V71: 0 | W71: 0 | X71: 1 | AB71: =($M71/$R71) -> 0 | AC71: =($M71/$B71) -> 0 | AD71: =($N71/$S71) -> 0 | AE71: =($N71/$C71) -> 0 | AG71: =$M71/($R71+$B71) -> 0
A72: 91 | B72: =IFERROR(VLOOKUP(A72,Capacity!$A$3:$D$532,4,), "0") -> 21.16648 | C72: =IFERROR(VLOOKUP(A72,Capacity!$A$3:$F$532,6,), "0") -> 0.175 | D72: 422 | E72: =IFERROR(VLOOKUP(D72,Capacity!$A$3:$D$532,4,), "0") -> 7.6969019 | F72: =IFERROR(VLOOKUP(D72,Capacity!$A$3:$F$532,6,), "0") -> 0.175 | G72: 51 | H72: =IFERROR(VLOOKUP(G72,Capacity!$A$3:$D$532,4,), "0") -> 21.647537 | I72: =IFERROR(VLOOKUP(G72,Capacity!$A$3:$F$532,6,), "0") -> 0.175 | K72: =IFERROR(VLOOKUP(J72,Capacity!$A$3:$D$532,4,), "0") -> 0 | L72: =IFERROR(VLOOKUP(J72,Capacity!$A$3:$F$532,6,), "0") -> 0 | M72: =$E72+$H72+$K72 -> 29.344438 | N72: =$F72+$I72+$L72 -> 0.35 | O72: 141 | P72: =IFERROR(VLOOKUP(O72,Capacity!$A$3:$D$532,4,), "0") -> 17.799086 | Q72: =IFERROR(VLOOKUP(O72,Capacity!$A$3:$F$532,6,), "0") -> 0.175 | R72: =$P72 -> 17.799086 | S72: =$Q72 -> 0.175 | U72: 91 | V72: 3 | W72: 3 | X72: 1 | AB72: =($M72/$R72) -> 1.6486486 | AC72: =($M72/$B72) -> 1.3863636 | AD72: =($N72/$S72) -> 2 | AE72: =($N72/$C72) -> 2 | AG72: =$M72/($R72+$B72) -> 0.75308642
A73: 421 | B73: =IFERROR(VLOOKUP(A73,Capacity!$A$3:$D$532,4,), "0") -> 7.6969019 | C73: =IFERROR(VLOOKUP(A73,Capacity!$A$3:$F$532,6,), "0") -> 0.175 | E73: =IFERROR(VLOOKUP(D73,Capacity!$A$3:$D$532,4,), "0") -> 0 | F73: =IFERROR(VLOOKUP(D73,Capacity!$A$3:$F$532,6,), "0") -> 0 | H73: =IFERROR(VLOOKUP(G73,Capacity!$A$3:$D$532,4,), "0") -> 0 | I73: =IFERROR(VLOOKUP(G73,Capacity!$A$3:$F$532,6,), "0") -> 0 | K73: =IFERROR(VLOOKUP(J73,Capacity!$A$3:$D$532,4,), "0") -> 0 | L73: =IFERROR(VLOOKUP(J73,Capacity!$A$3:$F$532,6,), "0") -> 0 | M73: =$E73+$H73+$K73 -> 0 | N73: =$F73+$I73+$L73 -> 0 | O73: 89 | P73: =IFERROR(VLOOKUP(O73,Capacity!$A$3:$D$532,4,), "0") -> 27.646015 | Q73: =IFERROR(VLOOKUP(O73,Capacity!$A$3:$F$532,6,), "0") -> 0.2 | R73: =$P73 -> 27.646015 | S73: =$Q73 -> 0.2 | U73: 421 | V73: 0 | W73: 0 | X73: 1 | AB73: =($M73/$R73) -> 0 | AC73: =($M73/$B73) -> 0 | AD73: =($N73/$S73) -> 0 | AE73: =($N73/$C73) -> 0 | AG73: =$M73/($R73+$B73) -> 0
A74: 50 | B74: =IFERROR(VLOOKUP(A74,Capacity!$A$3:$D$532,4,), "0") -> 28.274333 | C74: =IFERROR(VLOOKUP(A74,Capacity!$A$3:$F$532,6,), "0") -> 0.2 | D74: 376 | E74: =IFERROR(VLOOKUP(D74,Capacity!$A$3:$D$532,4,), "0") -> 7.6969019 | F74: =IFERROR(VLOOKUP(D74,Capacity!$A$3:$F$532,6,), "0") -> 0.175 | G74: 21 | H74: =IFERROR(VLOOKUP(G74,Capacity!$A$3:$D$532,4,), "0") -> 31.415926 | I74: =IFERROR(VLOOKUP(G74,Capacity!$A$3:$F$532,6,), "0") -> 0.2 | K74: =IFERROR(VLOOKUP(J74,Capacity!$A$3:$D$532,4,), "0") -> 0 | L74: =IFERROR(VLOOKUP(J74,Capacity!$A$3:$F$532,6,), "0") -> 0 | M74: =$E74+$H74+$K74 -> 39.112828 | N74: =$F74+$I74+$L74 -> 0.375 | O74: 89 | P74: =IFERROR(VLOOKUP(O74,Capacity!$A$3:$D$532,4,), "0") -> 27.646015 | Q74: =IFERROR(VLOOKUP(O74,Capacity!$A$3:$F$532,6,), "0") -> 0.2 | R74: =$P74 -> 27.646015 | S74: =$Q74 -> 0.2 | U74: 50 | V74: 3 | W74: 3 | X74: 1 | AB74: =($M74/$R74) -> 1.4147727 | AC74: =($M74/$B74) -> 1.3833333 | AD74: =($N74/$S74) -> 1.875 | AE74: =($N74/$C74) -> 1.875 | AG74: =$M74/($R74+$B74) -> 0.6994382
A75: 375 | B75: =IFERROR(VLOOKUP(A75,Capacity!$A$3:$D$532,4,), "0") -> 7.6969019 | C75: =IFERROR(VLOOKUP(A75,Capacity!$A$3:$F$532,6,), "0") -> 0.175 | E75: =IFERROR(VLOOKUP(D75,Capacity!$A$3:$D$532,4,), "0") -> 0 | F75: =IFERROR(VLOOKUP(D75,Capacity!$A$3:$F$532,6,), "0") -> 0 | H75: =IFERROR(VLOOKUP(G75,Capacity!$A$3:$D$532,4,), "0") -> 0 | I75: =IFERROR(VLOOKUP(G75,Capacity!$A$3:$F$532,6,), "0") -> 0 | K75: =IFERROR(VLOOKUP(J75,Capacity!$A$3:$D$532,4,), "0") -> 0 | L75: =IFERROR(VLOOKUP(J75,Capacity!$A$3:$F$532,6,), "0") -> 0 | M75: =$E75+$H75+$K75 -> 0 | N75: =$F75+$I75+$L75 -> 0 | O75: 49 | P75: =IFERROR(VLOOKUP(O75,Capacity!$A$3:$D$532,4,), "0") -> 21.647537 | Q75: =IFERROR(VLOOKUP(O75,Capacity!$A$3:$F$532,6,), "0") -> 0.175 | R75: =$P75 -> 21.647537 | S75: =$Q75 -> 0.175 | U75: 375 | V75: 0 | W75: 0 | X75: 1 | AB75: =($M75/$R75) -> 0 | AC75: =($M75/$B75) -> 0 | AD75: =($N75/$S75) -> 0 | AE75: =($N75/$C75) -> 0 | AG75: =$M75/($R75+$B75) -> 0
A76: 22 | B76: =IFERROR(VLOOKUP(A76,Capacity!$A$3:$D$532,4,), "0") -> 24.052818 | C76: =IFERROR(VLOOKUP(A76,Capacity!$A$3:$F$532,6,), "0") -> 0.175 | D76: 364 | E76: =IFERROR(VLOOKUP(D76,Capacity!$A$3:$D$532,4,), "0") -> 7.6969019 | F76: =IFERROR(VLOOKUP(D76,Capacity!$A$3:$F$532,6,), "0") -> 0.175 | H76: =IFERROR(VLOOKUP(G76,Capacity!$A$3:$D$532,4,), "0") -> 0 | I76: =IFERROR(VLOOKUP(G76,Capacity!$A$3:$F$532,6,), "0") -> 0 | K76: =IFERROR(VLOOKUP(J76,Capacity!$A$3:$D$532,4,), "0") -> 0 | L76: =IFERROR(VLOOKUP(J76,Capacity!$A$3:$F$532,6,), "0") -> 0 | M76: =$E76+$H76+$K76 -> 7.6969019 | N76: =$F76+$I76+$L76 -> 0.175 | O76: 49 | P76: =IFERROR(VLOOKUP(O76,Capacity!$A$3:$D$532,4,), "0") -> 21.647537 | Q76: =IFERROR(VLOOKUP(O76,Capacity!$A$3:$F$532,6,), "0") -> 0.175 | R76: =$P76 -> 21.647537 | S76: =$Q76 -> 0.175 | U76: 22 | V76: 1 | W76: 1 | X76: 1 | AB76: =($M76/$R76) -> 0.35555556 | AC76: =($M76/$B76) -> 0.32 | AD76: =($N76/$S76) -> 1 | AE76: =($N76/$C76) -> 1 | AG76: =$M76/($R76+$B76) -> 0.16842105
A77: 365 | B77: =IFERROR(VLOOKUP(A77,Capacity!$A$3:$D$532,4,), "0") -> 3.8484509 | C77: =IFERROR(VLOOKUP(A77,Capacity!$A$3:$F$532,6,), "0") -> 0.175 | E77: =IFERROR(VLOOKUP(D77,Capacity!$A$3:$D$532,4,), "0") -> 0 | F77: =IFERROR(VLOOKUP(D77,Capacity!$A$3:$F$532,6,), "0") -> 0 | H77: =IFERROR(VLOOKUP(G77,Capacity!$A$3:$D$532,4,), "0") -> 0 | I77: =IFERROR(VLOOKUP(G77,Capacity!$A$3:$F$532,6,), "0") -> 0 | K77: =IFERROR(VLOOKUP(J77,Capacity!$A$3:$D$532,4,), "0") -> 0 | L77: =IFERROR(VLOOKUP(J77,Capacity!$A$3:$F$532,6,), "0") -> 0 | M77: =$E77+$H77+$K77 -> 0 | N77: =$F77+$I77+$L77 -> 0 | O77: 23 | P77: =IFERROR(VLOOKUP(O77,Capacity!$A$3:$D$532,4,), "0") -> 125.6637 | Q77: =IFERROR(VLOOKUP(O77,Capacity!$A$3:$F$532,6,), "0") -> 0.4 | R77: =$P77 -> 125.6637 | S77: =$Q77 -> 0.4 | U77: 365 | V77: 0 | W77: 0 | X77: 1 | AB77: =($M77/$R77) -> 0 | AC77: =($M77/$B77) -> 0 | AD77: =($N77/$S77) -> 0 | AE77: =($N77/$C77) -> 0 | AG77: =$M77/($R77+$B77) -> 0
A78: 348 | B78: =IFERROR(VLOOKUP(A78,Capacity!$A$3:$D$532,4,), "0") -> 108.07079 | C78: =IFERROR(VLOOKUP(A78,Capacity!$A$3:$F$532,6,), "0") -> 0.4 | D78: 347 | E78: =IFERROR(VLOOKUP(D78,Capacity!$A$3:$D$532,4,), "0") -> 9.4247778 | F78: =IFERROR(VLOOKUP(D78,Capacity!$A$3:$F$532,6,), "0") -> 0.2 | G78: 349 | H78: =IFERROR(VLOOKUP(G78,Capacity!$A$3:$D$532,4,), "0") -> 21.20575 | I78: =IFERROR(VLOOKUP(G78,Capacity!$A$3:$F$532,6,), "0") -> 0.3 | J78: 248 | K78: =IFERROR(VLOOKUP(J78,Capacity!$A$3:$D$532,4,), "0") -> 26.474201 | L78: =IFERROR(VLOOKUP(J78,Capacity!$A$3:$F$532,6,), "0") -> 0.265 | M78: =$E78+$H78+$K78 -> 57.104729 | N78: =$F78+$I78+$L78 -> 0.765 | O78: 23 | P78: =IFERROR(VLOOKUP(O78,Capacity!$A$3:$D$532,4,), "0") -> 125.6637 | Q78: =IFERROR(VLOOKUP(O78,Capacity!$A$3:$F$532,6,), "0") -> 0.4 | R78: =$P78 -> 125.6637 | S78: =$Q78 -> 0.4 | U78: 348 | V78: 3 | W78: 3 | X78: 1 | AB78: =($M78/$R78) -> 0.454425 | AC78: =($M78/$B78) -> 0.52840116 | AD78: =($N78/$S78) -> 1.9125 | AE78: =($N78/$C78) -> 1.9125 | AG78: =$M78/($R78+$B78) -> 0.24431452
A79: 418 | B79: =IFERROR(VLOOKUP(A79,Capacity!$A$3:$D$532,4,), "0") -> 21.647537 | C79: =IFERROR(VLOOKUP(A79,Capacity!$A$3:$F$532,6,), "0") -> 0.175 | E79: =IFERROR(VLOOKUP(D79,Capacity!$A$3:$D$532,4,), "0") -> 0 | F79: =IFERROR(VLOOKUP(D79,Capacity!$A$3:$F$532,6,), "0") -> 0 | H79: =IFERROR(VLOOKUP(G79,Capacity!$A$3:$D$532,4,), "0") -> 0 | I79: =IFERROR(VLOOKUP(G79,Capacity!$A$3:$F$532,6,), "0") -> 0 | K79: =IFERROR(VLOOKUP(J79,Capacity!$A$3:$D$532,4,), "0") -> 0 | L79: =IFERROR(VLOOKUP(J79,Capacity!$A$3:$F$532,6,), "0") -> 0 | M79: =$E79+$H79+$K79 -> 0 | N79: =$F79+$I79+$L79 -> 0 | O79: 47 | P79: =IFERROR(VLOOKUP(O79,Capacity!$A$3:$D$532,4,), "0") -> 141.37167 | Q79: =IFERROR(VLOOKUP(O79,Capacity!$A$3:$F$532,6,), "0") -> 0.75 | R79: =$P79 -> 141.37167 | S79: =$Q79 -> 0.75 | U79: 418 | V79: 0 | W79: 0 | X79: 1 | AB79: =($M79/$R79) -> 0 | AC79: =($M79/$B79) -> 0 | AD79: =($N79/$S79) -> 0 | AE79: =($N79/$C79) -> 0 | AG79: =$M79/($R79+$B79) -> 0
A80: 45 | B80: =IFERROR(VLOOKUP(A80,Capacity!$A$3:$D$532,4,), "0") -> 40.212385 | C80: =IFERROR(VLOOKUP(A80,Capacity!$A$3:$F$532,6,), "0") -> 0.4 | D80: 368 | E80: =IFERROR(VLOOKUP(D80,Capacity!$A$3:$D$532,4,), "0") -> 23.090706 | F80: =IFERROR(VLOOKUP(D80,Capacity!$A$3:$F$532,6,), "0") -> 0.175 | G80: 416 | H80: =IFERROR(VLOOKUP(G80,Capacity!$A$3:$D$532,4,), "0") -> 21.647537 | I80: =IFERROR(VLOOKUP(G80,Capacity!$A$3:$F$532,6,), "0") -> 0.175 | J80: 44 | K80: =IFERROR(VLOOKUP(J80,Capacity!$A$3:$D$532,4,), "0") -> 40.212385 | L80: =IFERROR(VLOOKUP(J80,Capacity!$A$3:$F$532,6,), "0") -> 0.4 | M80: =$E80+$H80+$K80 -> 84.950627 | N80: =$F80+$I80+$L80 -> 0.75 | O80: 47 | P80: =IFERROR(VLOOKUP(O80,Capacity!$A$3:$D$532,4,), "0") -> 141.37167 | Q80: =IFERROR(VLOOKUP(O80,Capacity!$A$3:$F$532,6,), "0") -> 0.75 | R80: =$P80 -> 141.37167 | S80: =$Q80 -> 0.75 | U80: 45 | V80: 3 | W80: 3 | X80: 1 | AB80: =($M80/$R80) -> 0.60090278 | AC80: =($M80/$B80) -> 2.1125488 | AD80: =($N80/$S80) -> 1 | AE80: =($N80/$C80) -> 1.875 | AG80: =$M80/($R80+$B80) -> 0.46783088
A81: 25 | B81: =IFERROR(VLOOKUP(A81,Capacity!$A$3:$D$532,4,), "0") -> 424.115 | C81: =IFERROR(VLOOKUP(A81,Capacity!$A$3:$F$532,6,), "0") -> 0.75 | D81: 26 | E81: =IFERROR(VLOOKUP(D81,Capacity!$A$3:$D$532,4,), "0") -> 70.685834 | F81: =IFERROR(VLOOKUP(D81,Capacity!$A$3:$F$532,6,), "0") -> 0.75 | G81: 366 | H81: =IFERROR(VLOOKUP(G81,Capacity!$A$3:$D$532,4,), "0") -> 7.6969019 | I81: =IFERROR(VLOOKUP(G81,Capacity!$A$3:$F$532,6,), "0") -> 0.175 | K81: =IFERROR(VLOOKUP(J81,Capacity!$A$3:$D$532,4,), "0") -> 0 | L81: =IFERROR(VLOOKUP(J81,Capacity!$A$3:$F$532,6,), "0") -> 0 | M81: =$E81+$H81+$K81 -> 78.382735 | N81: =$F81+$I81+$L81 -> 0.925 | O81: 47 | P81: =IFERROR(VLOOKUP(O81,Capacity!$A$3:$D$532,4,), "0") -> 141.37167 | Q81: =IFERROR(VLOOKUP(O81,Capacity!$A$3:$F$532,6,), "0") -> 0.75 | R81: =$P81 -> 141.37167 | S81: =$Q81 -> 0.75 | U81: 25 | V81: 3 | W81: 3 | X81: 1 | AB81: =($M81/$R81) -> 0.55444444 | AC81: =($M81/$B81) -> 0.18481481 | AD81: =($N81/$S81) -> 1.2333333 | AE81: =($N81/$C81) -> 1.2333333 | AG81: =$M81/($R81+$B81) -> 0.13861111
A82: 84 | B82: =IFERROR(VLOOKUP(A82,Capacity!$A$3:$D$532,4,), "0") -> 90.477867 | C82: =IFERROR(VLOOKUP(A82,Capacity!$A$3:$F$532,6,), "0") -> 0.6 | D82: 83 | E82: =IFERROR(VLOOKUP(D82,Capacity!$A$3:$D$532,4,), "0") -> 90.477867 | F82: =IFERROR(VLOOKUP(D82,Capacity!$A$3:$F$532,6,), "0") -> 0.6 | H82: =IFERROR(VLOOKUP(G82,Capacity!$A$3:$D$532,4,), "0") -> 0 | I82: =IFERROR(VLOOKUP(G82,Capacity!$A$3:$F$532,6,), "0") -> 0 | K82: =IFERROR(VLOOKUP(J82,Capacity!$A$3:$D$532,4,), "0") -> 0 | L82: =IFERROR(VLOOKUP(J82,Capacity!$A$3:$F$532,6,), "0") -> 0 | M82: =$E82+$H82+$K82 -> 90.477867 | N82: =$F82+$I82+$L82 -> 0.6 | O82: 85 | P82: =IFERROR(VLOOKUP(O82,Capacity!$A$3:$D$532,4,), "0") -> 90.477867 | Q82: =IFERROR(VLOOKUP(O82,Capacity!$A$3:$F$532,6,), "0") -> 0.6 | R82: =$P82 -> 90.477867 | S82: =$Q82 -> 0.6 | U82: 84 | V82: 2 | W82: 2 | X82: 1 | AB82: =($M82/$R82) -> 1 | AC82: =($M82/$B82) -> 1 | AD82: =($N82/$S82) -> 1 | AE82: =($N82/$C82) -> 1 | AG82: =$M82/($R82+$B82) -> 0.5
A83: 415 | B83: =IFERROR(VLOOKUP(A83,Capacity!$A$3:$D$532,4,), "0") -> 21.16648 | C83: =IFERROR(VLOOKUP(A83,Capacity!$A$3:$F$532,6,), "0") -> 0.175 | E83: =IFERROR(VLOOKUP(D83,Capacity!$A$3:$D$532,4,), "0") -> 0 | F83: =IFERROR(VLOOKUP(D83,Capacity!$A$3:$F$532,6,), "0") -> 0 | H83: =IFERROR(VLOOKUP(G83,Capacity!$A$3:$D$532,4,), "0") -> 0 | I83: =IFERROR(VLOOKUP(G83,Capacity!$A$3:$F$532,6,), "0") -> 0 | K83: =IFERROR(VLOOKUP(J83,Capacity!$A$3:$D$532,4,), "0") -> 0 | L83: =IFERROR(VLOOKUP(J83,Capacity!$A$3:$F$532,6,), "0") -> 0 | M83: =$E83+$H83+$K83 -> 0 | N83: =$F83+$I83+$L83 -> 0 | O83: 170 | P83: =IFERROR(VLOOKUP(O83,Capacity!$A$3:$D$532,4,), "0") -> 22.619467 | Q83: =IFERROR(VLOOKUP(O83,Capacity!$A$3:$F$532,6,), "0") -> 0.3 | R83: =$P83 -> 22.619467 | S83: =$Q83 -> 0.3 | U83: 415 | V83: 0 | W83: 0 | X83: 1 | AB83: =($M83/$R83) -> 0 | AC83: =($M83/$B83) -> 0 | AD83: =($N83/$S83) -> 0 | AE83: =($N83/$C83) -> 0 | AG83: =$M83/($R83+$B83) -> 0
A84: 173 | B84: =IFERROR(VLOOKUP(A84,Capacity!$A$3:$D$532,4,), "0") -> 22.619467 | C84: =IFERROR(VLOOKUP(A84,Capacity!$A$3:$F$532,6,), "0") -> 0.3 | D84: 413 | E84: =IFERROR(VLOOKUP(D84,Capacity!$A$3:$D$532,4,), "0") -> 21.16648 | F84: =IFERROR(VLOOKUP(D84,Capacity!$A$3:$F$532,6,), "0") -> 0.175 | G84: 178 | H84: =IFERROR(VLOOKUP(G84,Capacity!$A$3:$D$532,4,), "0") -> 22.619467 | I84: =IFERROR(VLOOKUP(G84,Capacity!$A$3:$F$532,6,), "0") -> 0.3 | K84: =IFERROR(VLOOKUP(J84,Capacity!$A$3:$D$532,4,), "0") -> 0 | L84: =IFERROR(VLOOKUP(J84,Capacity!$A$3:$F$532,6,), "0") -> 0 | M84: =$E84+$H84+$K84 -> 43.785947 | N84: =$F84+$I84+$L84 -> 0.475 | O84: 170 | P84: =IFERROR(VLOOKUP(O84,Capacity!$A$3:$D$532,4,), "0") -> 22.619467 | Q84: =IFERROR(VLOOKUP(O84,Capacity!$A$3:$F$532,6,), "0") -> 0.3 | R84: =$P84 -> 22.619467 | S84: =$Q84 -> 0.3 | U84: 173 | V84: 3 | W84: 3 | X84: 1 | AB84: =($M84/$R84) -> 1.9357639 | AC84: =($M84/$B84) -> 1.9357639 | AD84: =($N84/$S84) -> 1.5833333 | AE84: =($N84/$C84) -> 1.5833333 | AG84: =$M84/($R84+$B84) -> 0.96788194
A85: 453 | B85: =IFERROR(VLOOKUP(A85,Capacity!$A$3:$D$532,4,), "0") -> 15.87486 | C85: =IFERROR(VLOOKUP(A85,Capacity!$A$3:$F$532,6,), "0") -> 0.175 | E85: =IFERROR(VLOOKUP(D85,Capacity!$A$3:$D$532,4,), "0") -> 0 | F85: =IFERROR(VLOOKUP(D85,Capacity!$A$3:$F$532,6,), "0") -> 0 | H85: =IFERROR(VLOOKUP(G85,Capacity!$A$3:$D$532,4,), "0") -> 0 | I85: =IFERROR(VLOOKUP(G85,Capacity!$A$3:$F$532,6,), "0") -> 0 | K85: =IFERROR(VLOOKUP(J85,Capacity!$A$3:$D$532,4,), "0") -> 0 | L85: =IFERROR(VLOOKUP(J85,Capacity!$A$3:$F$532,6,), "0") -> 0 | M85: =$E85+$H85+$K85 -> 0 | N85: =$F85+$I85+$L85 -> 0 | O85: 171 | P85: =IFERROR(VLOOKUP(O85,Capacity!$A$3:$D$532,4,), "0") -> 291.57906 | Q85: =IFERROR(VLOOKUP(O85,Capacity!$A$3:$F$532,6,), "0") -> 0.75 | R85: =$P85 -> 291.57906 | S85: =$Q85 -> 0.75 | U85: 453 | V85: 0 | W85: 0 | X85: 1 | AB85: =($M85/$R85) -> 0 | AC85: =($M85/$B85) -> 0 | AD85: =($N85/$S85) -> 0 | AE85: =($N85/$C85) -> 0 | AG85: =$M85/($R85+$B85) -> 0
A86: 181 | B86: =IFERROR(VLOOKUP(A86,Capacity!$A$3:$D$532,4,), "0") -> 7.6969019 | C86: =IFERROR(VLOOKUP(A86,Capacity!$A$3:$F$532,6,), "0") -> 0.175 | D86: 180 | E86: =IFERROR(VLOOKUP(D86,Capacity!$A$3:$D$532,4,), "0") -> 20.734511 | F86: =IFERROR(VLOOKUP(D86,Capacity!$A$3:$F$532,6,), "0") -> 0.2 | G86: 186 | H86: =IFERROR(VLOOKUP(G86,Capacity!$A$3:$D$532,4,), "0") -> 17.649467 | I86: =IFERROR(VLOOKUP(G86,Capacity!$A$3:$F$532,6,), "0") -> 0.265 | J86: 458 | K86: =IFERROR(VLOOKUP(J86,Capacity!$A$3:$D$532,4,), "0") -> 19.242255 | L86: =IFERROR(VLOOKUP(J86,Capacity!$A$3:$F$532,6,), "0") -> 0.175 | M86: =$E86+$H86+$K86 -> 57.626233 | N86: =$F86+$I86+$L86 -> 0.64 | O86: 175 | P86: =IFERROR(VLOOKUP(O86,Capacity!$A$3:$D$532,4,), "0") -> 17.649467 | Q86: =IFERROR(VLOOKUP(O86,Capacity!$A$3:$F$532,6,), "0") -> 0.265 | R86: =$P86 -> 17.649467 | S86: =$Q86 -> 0.265 | U86: 181 | V86: 4 | W86: 4 | X86: 1 | AB86: =($M86/$R86) -> 3.2650409 | AC86: =($M86/$B86) -> 7.4869388 | AD86: =($N86/$S86) -> 2.4150943 | AE86: =($N86/$C86) -> 3.6571429 | AG86: =$M86/($R86+$B86) -> 2.2735498
A87: 174 | B87: =IFERROR(VLOOKUP(A87,Capacity!$A$3:$D$532,4,), "0") -> 15.87486 | C87: =IFERROR(VLOOKUP(A87,Capacity!$A$3:$F$532,6,), "0") -> 0.175 | D87: 455 | E87: =IFERROR(VLOOKUP(D87,Capacity!$A$3:$D$532,4,), "0") -> 291.57906 | F87: =IFERROR(VLOOKUP(D87,Capacity!$A$3:$F$532,6,), "0") -> 0.75 | H87: =IFERROR(VLOOKUP(G87,Capacity!$A$3:$D$532,4,), "0") -> 0 | I87: =IFERROR(VLOOKUP(G87,Capacity!$A$3:$F$532,6,), "0") -> 0 | K87: =IFERROR(VLOOKUP(J87,Capacity!$A$3:$D$532,4,), "0") -> 0 | L87: =IFERROR(VLOOKUP(J87,Capacity!$A$3:$F$532,6,), "0") -> 0 | M87: =$E87+$H87+$K87 -> 291.57906 | N87: =$F87+$I87+$L87 -> 0.75 | O87: 175 | P87: =IFERROR(VLOOKUP(O87,Capacity!$A$3:$D$532,4,), "0") -> 17.649467 | Q87: =IFERROR(VLOOKUP(O87,Capacity!$A$3:$F$532,6,), "0") -> 0.265 | R87: =$P87 -> 17.649467 | S87: =$Q87 -> 0.265 | U87: 174 | V87: 1 | W87: 1 | X87: 1 | AB87: =($M87/$R87) -> 16.520559 | AC87: =($M87/$B87) -> 18.367347 | AD87: =($N87/$S87) -> 2.8301887 | AE87: =($N87/$C87) -> 4.2857143 | AG87: =$M87/($R87+$B87) -> 8.6975366
A88: 460 | B88: =IFERROR(VLOOKUP(A88,Capacity!$A$3:$D$532,4,), "0") -> 19.242255 | C88: =IFERROR(VLOOKUP(A88,Capacity!$A$3:$F$532,6,), "0") -> 0.175 | E88: =IFERROR(VLOOKUP(D88,Capacity!$A$3:$D$532,4,), "0") -> 0 | F88: =IFERROR(VLOOKUP(D88,Capacity!$A$3:$F$532,6,), "0") -> 0 | H88: =IFERROR(VLOOKUP(G88,Capacity!$A$3:$D$532,4,), "0") -> 0 | I88: =IFERROR(VLOOKUP(G88,Capacity!$A$3:$F$532,6,), "0") -> 0 | K88: =IFERROR(VLOOKUP(J88,Capacity!$A$3:$D$532,4,), "0") -> 0 | L88: =IFERROR(VLOOKUP(J88,Capacity!$A$3:$F$532,6,), "0") -> 0 | M88: =$E88+$H88+$K88 -> 0 | N88: =$F88+$I88+$L88 -> 0 | O88: 187 | P88: =IFERROR(VLOOKUP(O88,Capacity!$A$3:$D$532,4,), "0") -> 100.53096 | Q88: =IFERROR(VLOOKUP(O88,Capacity!$A$3:$F$532,6,), "0") -> 0.4 | R88: =$P88 -> 100.53096 | S88: =$Q88 -> 0.4 | U88: 460 | V88: 0 | W88: 0 | X88: 1 | AB88: =($M88/$R88) -> 0 | AC88: =($M88/$B88) -> 0 | AD88: =($N88/$S88) -> 0 | AE88: =($N88/$C88) -> 0 | AG88: =$M88/($R88+$B88) -> 0
A89: 194 | B89: =IFERROR(VLOOKUP(A89,Capacity!$A$3:$D$532,4,), "0") -> 80.424771 | C89: =IFERROR(VLOOKUP(A89,Capacity!$A$3:$F$532,6,), "0") -> 0.4 | D89: 207 | E89: =IFERROR(VLOOKUP(D89,Capacity!$A$3:$D$532,4,), "0") -> 31.101767 | F89: =IFERROR(VLOOKUP(D89,Capacity!$A$3:$F$532,6,), "0") -> 0.3 | G89: 193 | H89: =IFERROR(VLOOKUP(G89,Capacity!$A$3:$D$532,4,), "0") -> 19.242255 | I89: =IFERROR(VLOOKUP(G89,Capacity!$A$3:$F$532,6,), "0") -> 0.175 | K89: =IFERROR(VLOOKUP(J89,Capacity!$A$3:$D$532,4,), "0") -> 0 | L89: =IFERROR(VLOOKUP(J89,Capacity!$A$3:$F$532,6,), "0") -> 0 | M89: =$E89+$H89+$K89 -> 50.344021 | N89: =$F89+$I89+$L89 -> 0.475 | O89: 187 | P89: =IFERROR(VLOOKUP(O89,Capacity!$A$3:$D$532,4,), "0") -> 100.53096 | Q89: =IFERROR(VLOOKUP(O89,Capacity!$A$3:$F$532,6,), "0") -> 0.4 | R89: =$P89 -> 100.53096 | S89: =$Q89 -> 0.4 | U89: 194 | V89: 2 | W89: 2 | X89: 1 | AB89: =($M89/$R89) -> 0.50078125 | AC89: =($M89/$B89) -> 0.62597656 | AD89: =($N89/$S89) -> 1.1875 | AE89: =($N89/$C89) -> 1.1875 | AG89: =$M89/($R89+$B89) -> 0.27821181
A90: 464 | B90: =IFERROR(VLOOKUP(A90,Capacity!$A$3:$D$532,4,), "0") -> 19.242255 | C90: =IFERROR(VLOOKUP(A90,Capacity!$A$3:$F$532,6,), "0") -> 0.175 | E90: =IFERROR(VLOOKUP(D90,Capacity!$A$3:$D$532,4,), "0") -> 0 | F90: =IFERROR(VLOOKUP(D90,Capacity!$A$3:$F$532,6,), "0") -> 0 | H90: =IFERROR(VLOOKUP(G90,Capacity!$A$3:$D$532,4,), "0") -> 0 | I90: =IFERROR(VLOOKUP(G90,Capacity!$A$3:$F$532,6,), "0") -> 0 | K90: =IFERROR(VLOOKUP(J90,Capacity!$A$3:$D$532,4,), "0") -> 0 | L90: =IFERROR(VLOOKUP(J90,Capacity!$A$3:$F$532,6,), "0") -> 0 | M90: =$E90+$H90+$K90 -> 0 | N90: =$F90+$I90+$L90 -> 0 | O90: 195 | P90: =IFERROR(VLOOKUP(O90,Capacity!$A$3:$D$532,4,), "0") -> 20.734511 | Q90: =IFERROR(VLOOKUP(O90,Capacity!$A$3:$F$532,6,), "0") -> 0.2 | R90: =$P90 -> 20.734511 | S90: =$Q90 -> 0.2 | U90: 464 | V90: 0 | W90: 0 | X90: 1 | AB90: =($M90/$R90) -> 0 | AC90: =($M90/$B90) -> 0 | AD90: =($N90/$S90) -> 0 | AE90: =($N90/$C90) -> 0 | AG90: =$M90/($R90+$B90) -> 0
A91: 216 | B91: =IFERROR(VLOOKUP(A91,Capacity!$A$3:$D$532,4,), "0") -> 14.451326 | C91: =IFERROR(VLOOKUP(A91,Capacity!$A$3:$F$532,6,), "0") -> 0.2 | D91: 471 | E91: =IFERROR(VLOOKUP(D91,Capacity!$A$3:$D$532,4,), "0") -> 22.705861 | F91: =IFERROR(VLOOKUP(D91,Capacity!$A$3:$F$532,6,), "0") -> 0.175 | G91: 275 | H91: =IFERROR(VLOOKUP(G91,Capacity!$A$3:$D$532,4,), "0") -> 28.863382 | I91: =IFERROR(VLOOKUP(G91,Capacity!$A$3:$F$532,6,), "0") -> 0.175 | J91: 215 | K91: =IFERROR(VLOOKUP(J91,Capacity!$A$3:$D$532,4,), "0") -> 6.2831852 | L91: =IFERROR(VLOOKUP(J91,Capacity!$A$3:$F$532,6,), "0") -> 0.2 | M91: =$E91+$H91+$K91 -> 57.852428 | N91: =$F91+$I91+$L91 -> 0.55 | O91: 195 | P91: =IFERROR(VLOOKUP(O91,Capacity!$A$3:$D$532,4,), "0") -> 20.734511 | Q91: =IFERROR(VLOOKUP(O91,Capacity!$A$3:$F$532,6,), "0") -> 0.2 | R91: =$P91 -> 20.734511 | S91: =$Q91 -> 0.2 | U91: 216 | V91: 3 | W91: 3 | X91: 1 | AB91: =($M91/$R91) -> 2.7901515 | AC91: =($M91/$B91) -> 4.0032609 | AD91: =($N91/$S91) -> 2.75 | AE91: =($N91/$C91) -> 2.75 | AG91: =$M91/($R91+$B91) -> 1.6441964
A92: 126 | B92: =IFERROR(VLOOKUP(A92,Capacity!$A$3:$D$532,4,), "0") -> 12.507466 | C92: =IFERROR(VLOOKUP(A92,Capacity!$A$3:$F$532,6,), "0") -> 0.175 | D92: 125 | E92: =IFERROR(VLOOKUP(D92,Capacity!$A$3:$D$532,4,), "0") -> 21.647537 | F92: =IFERROR(VLOOKUP(D92,Capacity!$A$3:$F$532,6,), "0") -> 0.175 | H92: =IFERROR(VLOOKUP(G92,Capacity!$A$3:$D$532,4,), "0") -> 0 | I92: =IFERROR(VLOOKUP(G92,Capacity!$A$3:$F$532,6,), "0") -> 0 | K92: =IFERROR(VLOOKUP(J92,Capacity!$A$3:$D$532,4,), "0") -> 0 | L92: =IFERROR(VLOOKUP(J92,Capacity!$A$3:$F$532,6,), "0") -> 0 | M92: =$E92+$H92+$K92 -> 21.647537 | N92: =$F92+$I92+$L92 -> 0.175 | O92: 127 | P92: =IFERROR(VLOOKUP(O92,Capacity!$A$3:$D$532,4,), "0") -> 45.238933 | Q92: =IFERROR(VLOOKUP(O92,Capacity!$A$3:$F$532,6,), "0") -> 0.3 | R92: =$P92 -> 45.238933 | S92: =$Q92 -> 0.3 | U92: 126 | V92: 1 | W92: 1 | X92: 1 | AB92: =($M92/$R92) -> 0.47851562 | AC92: =($M92/$B92) -> 1.7307692 | AD92: =($N92/$S92) -> 0.58333333 | AE92: =($N92/$C92) -> 1 | AG92: =$M92/($R92+$B92) -> 0.37487249
A93: 120 | B93: =IFERROR(VLOOKUP(A93,Capacity!$A$3:$D$532,4,), "0") -> 10.681415 | C93: =IFERROR(VLOOKUP(A93,Capacity!$A$3:$F$532,6,), "0") -> 0.2 | D93: 121 | E93: =IFERROR(VLOOKUP(D93,Capacity!$A$3:$D$532,4,), "0") -> 309.25052 | F93: =IFERROR(VLOOKUP(D93,Capacity!$A$3:$F$532,6,), "0") -> 0.75 | G93: 119 | H93: =IFERROR(VLOOKUP(G93,Capacity!$A$3:$D$532,4,), "0") -> 361.28315 | I93: =IFERROR(VLOOKUP(G93,Capacity!$A$3:$F$532,6,), "0") -> 1 | K93: =IFERROR(VLOOKUP(J93,Capacity!$A$3:$D$532,4,), "0") -> 0 | L93: =IFERROR(VLOOKUP(J93,Capacity!$A$3:$F$532,6,), "0") -> 0 | M93: =$E93+$H93+$K93 -> 670.53367 | N93: =$F93+$I93+$L93 -> 1.75 | O93: 127 | P93: =IFERROR(VLOOKUP(O93,Capacity!$A$3:$D$532,4,), "0") -> 45.238933 | Q93: =IFERROR(VLOOKUP(O93,Capacity!$A$3:$F$532,6,), "0") -> 0.3 | R93: =$P93 -> 45.238933 | S93: =$Q93 -> 0.3 | U93: 120 | V93: 2 | W93: 2 | X93: 1 | AB93: =($M93/$R93) -> 14.822049 | AC93: =($M93/$B93) -> 62.775735 | AD93: =($N93/$S93) -> 5.8333333 | AE93: =($N93/$C93) -> 8.75 | AG93: =$M93/($R93+$B93) -> 11.990871
A94: 439 | B94: =IFERROR(VLOOKUP(A94,Capacity!$A$3:$D$532,4,), "0") -> 15.393804 | C94: =IFERROR(VLOOKUP(A94,Capacity!$A$3:$F$532,6,), "0") -> 0.175 | E94: =IFERROR(VLOOKUP(D94,Capacity!$A$3:$D$532,4,), "0") -> 0 | F94: =IFERROR(VLOOKUP(D94,Capacity!$A$3:$F$532,6,), "0") -> 0 | H94: =IFERROR(VLOOKUP(G94,Capacity!$A$3:$D$532,4,), "0") -> 0 | I94: =IFERROR(VLOOKUP(G94,Capacity!$A$3:$F$532,6,), "0") -> 0 | K94: =IFERROR(VLOOKUP(J94,Capacity!$A$3:$D$532,4,), "0") -> 0 | L94: =IFERROR(VLOOKUP(J94,Capacity!$A$3:$F$532,6,), "0") -> 0 | M94: =$E94+$H94+$K94 -> 0 | N94: =$F94+$I94+$L94 -> 0 | O94: 129 | P94: =IFERROR(VLOOKUP(O94,Capacity!$A$3:$D$532,4,), "0") -> 15.393804 | Q94: =IFERROR(VLOOKUP(O94,Capacity!$A$3:$F$532,6,), "0") -> 0.175 | R94: =$P94 -> 15.393804 | S94: =$Q94 -> 0.175 | U94: 439 | V94: 0 | W94: 0 | X94: 1 | AB94: =($M94/$R94) -> 0 | AC94: =($M94/$B94) -> 0 | AD94: =($N94/$S94) -> 0 | AE94: =($N94/$C94) -> 0 | AG94: =$M94/($R94+$B94) -> 0
A95: 131 | B95: =IFERROR(VLOOKUP(A95,Capacity!$A$3:$D$532,4,), "0") -> 22.128593 | C95: =IFERROR(VLOOKUP(A95,Capacity!$A$3:$F$532,6,), "0") -> 0.175 | E95: =IFERROR(VLOOKUP(D95,Capacity!$A$3:$D$532,4,), "0") -> 0 | F95: =IFERROR(VLOOKUP(D95,Capacity!$A$3:$F$532,6,), "0") -> 0 | H95: =IFERROR(VLOOKUP(G95,Capacity!$A$3:$D$532,4,), "0") -> 0 | I95: =IFERROR(VLOOKUP(G95,Capacity!$A$3:$F$532,6,), "0") -> 0 | K95: =IFERROR(VLOOKUP(J95,Capacity!$A$3:$D$532,4,), "0") -> 0 | L95: =IFERROR(VLOOKUP(J95,Capacity!$A$3:$F$532,6,), "0") -> 0 | M95: =$E95+$H95+$K95 -> 0 | N95: =$F95+$I95+$L95 -> 0 | O95: 129 | P95: =IFERROR(VLOOKUP(O95,Capacity!$A$3:$D$532,4,), "0") -> 15.393804 | Q95: =IFERROR(VLOOKUP(O95,Capacity!$A$3:$F$532,6,), "0") -> 0.175 | R95: =$P95 -> 15.393804 | S95: =$Q95 -> 0.175 | U95: 131 | V95: 0 | W95: 0 | X95: 1 | AB95: =($M95/$R95) -> 0 | AC95: =($M95/$B95) -> 0 | AD95: =($N95/$S95) -> 0 | AE95: =($N95/$C95) -> 0 | AG95: =$M95/($R95+$B95) -> 0
A96: 132 | B96: =IFERROR(VLOOKUP(A96,Capacity!$A$3:$D$532,4,), "0") -> 175.30087 | C96: =IFERROR(VLOOKUP(A96,Capacity!$A$3:$F$532,6,), "0") -> 0.6 | D96: 442 | E96: =IFERROR(VLOOKUP(D96,Capacity!$A$3:$D$532,4,), "0") -> 7.6969019 | F96: =IFERROR(VLOOKUP(D96,Capacity!$A$3:$F$532,6,), "0") -> 0.175 | G96: 130 | H96: =IFERROR(VLOOKUP(G96,Capacity!$A$3:$D$532,4,), "0") -> 133.51769 | I96: =IFERROR(VLOOKUP(G96,Capacity!$A$3:$F$532,6,), "0") -> 0.5 | J96: 93 | K96: =IFERROR(VLOOKUP(J96,Capacity!$A$3:$D$532,4,), "0") -> 25.132741 | L96: =IFERROR(VLOOKUP(J96,Capacity!$A$3:$F$532,6,), "0") -> 0.2 | M96: =$E96+$H96+$K96 -> 166.34733 | N96: =$F96+$I96+$L96 -> 0.875 | O96: 133 | P96: =IFERROR(VLOOKUP(O96,Capacity!$A$3:$D$532,4,), "0") -> 273.9076 | Q96: =IFERROR(VLOOKUP(O96,Capacity!$A$3:$F$532,6,), "0") -> 0.75 | R96: =$P96 -> 273.9076 | S96: =$Q96 -> 0.75 | U96: 132 | V96: 4 | W96: 4 | X96: 1 | AB96: =($M96/$R96) -> 0.60731183 | AC96: =($M96/$B96) -> 0.94892473 | AD96: =($N96/$S96) -> 1.1666667 | AE96: =($N96/$C96) -> 1.4583333 | AG96: =$M96/($R96+$B96) -> 0.37031209
A97: 443 | B97: =IFERROR(VLOOKUP(A97,Capacity!$A$3:$D$532,4,), "0") -> 7.6969019 | C97: =IFERROR(VLOOKUP(A97,Capacity!$A$3:$F$532,6,), "0") -> 0.175 | E97: =IFERROR(VLOOKUP(D97,Capacity!$A$3:$D$532,4,), "0") -> 0 | F97: =IFERROR(VLOOKUP(D97,Capacity!$A$3:$F$532,6,), "0") -> 0 | H97: =IFERROR(VLOOKUP(G97,Capacity!$A$3:$D$532,4,), "0") -> 0 | I97: =IFERROR(VLOOKUP(G97,Capacity!$A$3:$F$532,6,), "0") -> 0 | K97: =IFERROR(VLOOKUP(J97,Capacity!$A$3:$D$532,4,), "0") -> 0 | L97: =IFERROR(VLOOKUP(J97,Capacity!$A$3:$F$532,6,), "0") -> 0 | M97: =$E97+$H97+$K97 -> 0 | N97: =$F97+$I97+$L97 -> 0 | O97: 140 | P97: =IFERROR(VLOOKUP(O97,Capacity!$A$3:$D$532,4,), "0") -> 45.238933 | Q97: =IFERROR(VLOOKUP(O97,Capacity!$A$3:$F$532,6,), "0") -> 0.3 | R97: =$P97 -> 45.238933 | S97: =$Q97 -> 0.3 | U97: 443 | V97: 0 | W97: 0 | X97: 1 | AB97: =($M97/$R97) -> 0 | AC97: =($M97/$B97) -> 0 | AD97: =($N97/$S97) -> 0 | AE97: =($N97/$C97) -> 0 | AG97: =$M97/($R97+$B97) -> 0
A98: 92 | B98: =IFERROR(VLOOKUP(A98,Capacity!$A$3:$D$532,4,), "0") -> 48.536035 | C98: =IFERROR(VLOOKUP(A98,Capacity!$A$3:$F$532,6,), "0") -> 0.265 | D98: 423 | E98: =IFERROR(VLOOKUP(D98,Capacity!$A$3:$D$532,4,), "0") -> 7.6969019 | F98: =IFERROR(VLOOKUP(D98,Capacity!$A$3:$F$532,6,), "0") -> 0.175 | G98: 52 | H98: =IFERROR(VLOOKUP(G98,Capacity!$A$3:$D$532,4,), "0") -> 49.639127 | I98: =IFERROR(VLOOKUP(G98,Capacity!$A$3:$F$532,6,), "0") -> 0.265 | K98: =IFERROR(VLOOKUP(J98,Capacity!$A$3:$D$532,4,), "0") -> 0 | L98: =IFERROR(VLOOKUP(J98,Capacity!$A$3:$F$532,6,), "0") -> 0 | M98: =$E98+$H98+$K98 -> 57.336028 | N98: =$F98+$I98+$L98 -> 0.44 | O98: 140 | P98: =IFERROR(VLOOKUP(O98,Capacity!$A$3:$D$532,4,), "0") -> 45.238933 | Q98: =IFERROR(VLOOKUP(O98,Capacity!$A$3:$F$532,6,), "0") -> 0.3 | R98: =$P98 -> 45.238933 | S98: =$Q98 -> 0.3 | U98: 92 | V98: 3 | W98: 3 | X98: 1 | AB98: =($M98/$R98) -> 1.2674045 | AC98: =($M98/$B98) -> 1.1813085 | AD98: =($N98/$S98) -> 1.4666667 | AE98: =($N98/$C98) -> 1.6603774 | AG98: =$M98/($R98+$B98) -> 0.61142146
A99: 422 | B99: =IFERROR(VLOOKUP(A99,Capacity!$A$3:$D$532,4,), "0") -> 7.6969019 | C99: =IFERROR(VLOOKUP(A99,Capacity!$A$3:$F$532,6,), "0") -> 0.175 | E99: =IFERROR(VLOOKUP(D99,Capacity!$A$3:$D$532,4,), "0") -> 0 | F99: =IFERROR(VLOOKUP(D99,Capacity!$A$3:$F$532,6,), "0") -> 0 | H99: =IFERROR(VLOOKUP(G99,Capacity!$A$3:$D$532,4,), "0") -> 0 | I99: =IFERROR(VLOOKUP(G99,Capacity!$A$3:$F$532,6,), "0") -> 0 | K99: =IFERROR(VLOOKUP(J99,Capacity!$A$3:$D$532,4,), "0") -> 0 | L99: =IFERROR(VLOOKUP(J99,Capacity!$A$3:$F$532,6,), "0") -> 0 | M99: =$E99+$H99+$K99 -> 0 | N99: =$F99+$I99+$L99 -> 0 | O99: 91 | P99: =IFERROR(VLOOKUP(O99,Capacity!$A$3:$D$532,4,), "0") -> 21.16648 | Q99: =IFERROR(VLOOKUP(O99,Capacity!$A$3:$F$532,6,), "0") -> 0.175 | R99: =$P99 -> 21.16648 | S99: =$Q99 -> 0.175 | U99: 422 | V99: 0 | W99: 0 | X99: 1 | AB99: =($M99/$R99) -> 0 | AC99: =($M99/$B99) -> 0 | AD99: =($N99/$S99) -> 0 | AE99: =($N99/$C99) -> 0 | AG99: =$M99/($R99+$B99) -> 0
A100: 51 | B100: =IFERROR(VLOOKUP(A100,Capacity!$A$3:$D$532,4,), "0") -> 21.647537 | C100: =IFERROR(VLOOKUP(A100,Capacity!$A$3:$F$532,6,), "0") -> 0.175 | D100: 377 | E100: =IFERROR(VLOOKUP(D100,Capacity!$A$3:$D$532,4,), "0") -> 7.6969019 | F100: =IFERROR(VLOOKUP(D100,Capacity!$A$3:$F$532,6,), "0") -> 0.175 | G100: 363 | H100: =IFERROR(VLOOKUP(G100,Capacity!$A$3:$D$532,4,), "0") -> 24.052818 | I100: =IFERROR(VLOOKUP(G100,Capacity!$A$3:$F$532,6,), "0") -> 0.175 | K100: =IFERROR(VLOOKUP(J100,Capacity!$A$3:$D$532,4,), "0") -> 0 | L100: =IFERROR(VLOOKUP(J100,Capacity!$A$3:$F$532,6,), "0") -> 0 | M100: =$E100+$H100+$K100 -> 31.74972 | N100: =$F100+$I100+$L100 -> 0.35 | O100: 91 | P100: =IFERROR(VLOOKUP(O100,Capacity!$A$3:$D$532,4,), "0") -> 21.16648 | Q100: =IFERROR(VLOOKUP(O100,Capacity!$A$3:$F$532,6,), "0") -> 0.175 | R100: =$P100 -> 21.16648 | S100: =$Q100 -> 0.175 | U100: 51 | V100: 3 | W100: 3 | X100: 1 | AB100: =($M100/$R100) -> 1.5 | AC100: =($M100/$B100) -> 1.4666667 | AD100: =($N100/$S100) -> 2 | AE100: =($N100/$C100) -> 2 | AG100: =$M100/($R100+$B100) -> 0.74157303
...

Sheet Sheet2
A1: ;;Link | B1: Volume | C1: Diameter | D1: Input | F1: Weighted-D | I1: Weighted-D | L1: Weighted-D | M1: SUM-UP | N1: SUM-Dup | O1: Output | Q1: Weighted-D | R1: SUM-D | S1: SUM-Dd | T1: Conduit | U1: I1 | V1: Upstreams | W1: Downstreams | X1: A 1-1 | Y1: A 1-2 | Z1: A 2-1 | AA1: A 2-2 | AC1: CPE | AD1: PVI
A2: 158 | B2: =IFERROR(VLOOKUP(A2,Capacity!$A$3:$D$532,4,), "0") -> 785.39815 | C2: =IFERROR(VLOOKUP(A2,Capacity!$A$3:$F$532,6,), "0") -> 1 | D2: 156 | E2: =IFERROR(VLOOKUP(D2,Capacity!$A$3:$D$532,4,), "0") -> 388.77208 | F2: =IFERROR(VLOOKUP(D2,Capacity!$A$3:$F$532,6,), "0") -> 0.75 | G2: 163 | H2: =IFERROR(VLOOKUP(G2,Capacity!$A$3:$D$532,4,), "0") -> 42.725659 | I2: =IFERROR(VLOOKUP(G2,Capacity!$A$3:$F$532,6,), "0") -> 0.4 | J2: 153 | K2: =IFERROR(VLOOKUP(J2,Capacity!$A$3:$D$532,4,), "0") -> 267.03537 | L2: =IFERROR(VLOOKUP(J2,Capacity!$A$3:$F$532,6,), "0") -> 1 | M2: =$E2+$H2+$K2 -> 698.53311 | N2: =$F2+$I2+$L2 -> 2.15 | P2: =IFERROR(VLOOKUP(O2,Capacity!$A$3:$D$532,4,), "0") -> 0 | Q2: =IFERROR(VLOOKUP(O2,Capacity!$A$3:$F$532,6,), "0") -> 0 | R2: =$P2 -> 0 | S2: 0 | T2: 158 | V2: 3 | W2: 0 | X2: =($M2/$R2) -> #DIV/0! | Y2: =($M2/$B2) -> 0.8894 | Z2: =($N2/$S2) -> #DIV/0! | AD2: =U2*AC2 -> 0
A3: 163 | B3: =IFERROR(VLOOKUP(A3,Capacity!$A$3:$D$532,4,), "0") -> 42.725659 | C3: =IFERROR(VLOOKUP(A3,Capacity!$A$3:$F$532,6,), "0") -> 0.4 | D3: 162 | E3: =IFERROR(VLOOKUP(D3,Capacity!$A$3:$D$532,4,), "0") -> 16.355916 | F3: =IFERROR(VLOOKUP(D3,Capacity!$A$3:$F$532,6,), "0") -> 0.175 | G3: 169 | H3: =IFERROR(VLOOKUP(G3,Capacity!$A$3:$D$532,4,), "0") -> 42.725659 | I3: =IFERROR(VLOOKUP(G3,Capacity!$A$3:$F$532,6,), "0") -> 0.4 | K3: =IFERROR(VLOOKUP(J3,Capacity!$A$3:$D$532,4,), "0") -> 0 | L3: =IFERROR(VLOOKUP(J3,Capacity!$A$3:$F$532,6,), "0") -> 0 | M3: =$E3+$H3+$K3 -> 59.081576 | N3: =$F3+$I3+$L3 -> 0.575 | O3: 158 | P3: =IFERROR(VLOOKUP(O3,Capacity!$A$3:$D$532,4,), "0") -> 785.39815 | Q3: =IFERROR(VLOOKUP(O3,Capacity!$A$3:$F$532,6,), "0") -> 1 | R3: =$P3 -> 785.39815 | S3: =$Q3 -> 1 | T3: 163 | U3: 2 | V3: 2 | W3: 1 | X3: =($M3/$R3) -> 0.075225 | Y3: =($M3/$B3) -> 1.3828125 | Z3: =($N3/$S3) -> 0.575 | AA3: =($N3/$C3) -> 1.4375 | AC3: =$M3/($R3+$B3) -> 0.071343892 | AD3: =U3*AC3 -> 0.14268778
A4: 156 | B4: =IFERROR(VLOOKUP(A4,Capacity!$A$3:$D$532,4,), "0") -> 388.77208 | C4: =IFERROR(VLOOKUP(A4,Capacity!$A$3:$F$532,6,), "0") -> 0.75 | D4: 155 | E4: =IFERROR(VLOOKUP(D4,Capacity!$A$3:$D$532,4,), "0") -> 371.10063 | F4: =IFERROR(VLOOKUP(D4,Capacity!$A$3:$F$532,6,), "0") -> 0.75 | G4: 161 | H4: =IFERROR(VLOOKUP(G4,Capacity!$A$3:$D$532,4,), "0") -> 17.649467 | I4: =IFERROR(VLOOKUP(G4,Capacity!$A$3:$F$532,6,), "0") -> 0.265 | K4: =IFERROR(VLOOKUP(J4,Capacity!$A$3:$D$532,4,), "0") -> 0 | L4: =IFERROR(VLOOKUP(J4,Capacity!$A$3:$F$532,6,), "0") -> 0 | M4: =$E4+$H4+$K4 -> 388.75009 | N4: =$F4+$I4+$L4 -> 1.015 | O4: 158 | P4: =IFERROR(VLOOKUP(O4,Capacity!$A$3:$D$532,4,), "0") -> 785.39815 | Q4: =IFERROR(VLOOKUP(O4,Capacity!$A$3:$F$532,6,), "0") -> 1 | R4: =$P4 -> 785.39815 | S4: =$Q4 -> 1 | T4: 156 | U4: 2 | V4: 2 | W4: 1 | X4: =($M4/$R4) -> 0.494972 | Y4: =($M4/$B4) -> 0.99994343 | Z4: =($N4/$S4) -> 1.015 | AA4: =($N4/$C4) -> 1.3533333 | AC4: =$M4/($R4+$B4) -> 0.33108495 | AD4: =U4*AC4 -> 0.6621699
A5: 153 | B5: =IFERROR(VLOOKUP(A5,Capacity!$A$3:$D$532,4,), "0") -> 267.03537 | C5: =IFERROR(VLOOKUP(A5,Capacity!$A$3:$F$532,6,), "0") -> 1 | D5: 152 | E5: =IFERROR(VLOOKUP(D5,Capacity!$A$3:$D$532,4,), "0") -> 25.132741 | F5: =IFERROR(VLOOKUP(D5,Capacity!$A$3:$F$532,6,), "0") -> 0.2 | G5: 149 | H5: =IFERROR(VLOOKUP(G5,Capacity!$A$3:$D$532,4,), "0") -> 267.03537 | I5: =IFERROR(VLOOKUP(G5,Capacity!$A$3:$F$532,6,), "0") -> 1 | K5: =IFERROR(VLOOKUP(J5,Capacity!$A$3:$D$532,4,), "0") -> 0 | L5: =IFERROR(VLOOKUP(J5,Capacity!$A$3:$F$532,6,), "0") -> 0 | M5: =$E5+$H5+$K5 -> 292.16811 | N5: =$F5+$I5+$L5 -> 1.2 | O5: 158 | P5: =IFERROR(VLOOKUP(O5,Capacity!$A$3:$D$532,4,), "0") -> 785.39815 | Q5: =IFERROR(VLOOKUP(O5,Capacity!$A$3:$F$532,6,), "0") -> 1 | R5: =$P5 -> 785.39815 | S5: =$Q5 -> 1 | T5: 153 | U5: 2 | V5: 2 | W5: 1 | X5: =($M5/$R5) -> 0.372 | Y5: =($M5/$B5) -> 1.0941176 | Z5: =($N5/$S5) -> 1.2 | AA5: =($N5/$C5) -> 1.2 | AC5: =$M5/($R5+$B5) -> 0.27761194 | AD5: =U5*AC5 -> 0.55522388
A6: 152 | B6: =IFERROR(VLOOKUP(A6,Capacity!$A$3:$D$532,4,), "0") -> 25.132741 | C6: =IFERROR(VLOOKUP(A6,Capacity!$A$3:$F$532,6,), "0") -> 0.2 | D6: 151 | E6: =IFERROR(VLOOKUP(D6,Capacity!$A$3:$D$532,4,), "0") -> 25.132741 | F6: =IFERROR(VLOOKUP(D6,Capacity!$A$3:$F$532,6,), "0") -> 0.2 | H6: =IFERROR(VLOOKUP(G6,Capacity!$A$3:$D$532,4,), "0") -> 0 | I6: =IFERROR(VLOOKUP(G6,Capacity!$A$3:$F$532,6,), "0") -> 0 | K6: =IFERROR(VLOOKUP(J6,Capacity!$A$3:$D$532,4,), "0") -> 0 | L6: =IFERROR(VLOOKUP(J6,Capacity!$A$3:$F$532,6,), "0") -> 0 | M6: =$E6+$H6+$K6 -> 25.132741 | N6: =$F6+$I6+$L6 -> 0.2 | O6: 153 | P6: =IFERROR(VLOOKUP(O6,Capacity!$A$3:$D$532,4,), "0") -> 267.03537 | Q6: =IFERROR(VLOOKUP(O6,Capacity!$A$3:$F$532,6,), "0") -> 1 | R6: =$P6 -> 267.03537 | S6: =$Q6 -> 1 | T6: 152 | U6: 1 | V6: 1 | W6: 1 | X6: =($M6/$R6) -> 0.094117647 | Y6: =($M6/$B6) -> 1 | Z6: =($N6/$S6) -> 0.2 | AA6: =($N6/$C6) -> 1 | AC6: =$M6/($R6+$B6) -> 0.086021505 | AD6: =U6*AC6 -> 0.086021505
A7: 149 | B7: =IFERROR(VLOOKUP(A7,Capacity!$A$3:$D$532,4,), "0") -> 267.03537 | C7: =IFERROR(VLOOKUP(A7,Capacity!$A$3:$F$532,6,), "0") -> 1 | D7: 148 | E7: =IFERROR(VLOOKUP(D7,Capacity!$A$3:$D$532,4,), "0") -> 23.876104 | F7: =IFERROR(VLOOKUP(D7,Capacity!$A$3:$F$532,6,), "0") -> 0.2 | G7: 144 | H7: =IFERROR(VLOOKUP(G7,Capacity!$A$3:$D$532,4,), "0") -> 267.03537 | I7: =IFERROR(VLOOKUP(G7,Capacity!$A$3:$F$532,6,), "0") -> 1 | K7: =IFERROR(VLOOKUP(J7,Capacity!$A$3:$D$532,4,), "0") -> 0 | L7: =IFERROR(VLOOKUP(J7,Capacity!$A$3:$F$532,6,), "0") -> 0 | M7: =$E7+$H7+$K7 -> 290.91147 | N7: =$F7+$I7+$L7 -> 1.2 | O7: 153 | P7: =IFERROR(VLOOKUP(O7,Capacity!$A$3:$D$532,4,), "0") -> 267.03537 | Q7: =IFERROR(VLOOKUP(O7,Capacity!$A$3:$F$532,6,), "0") -> 1 | R7: =$P7 -> 267.03537 | S7: =$Q7 -> 1 | T7: 149 | U7: 2 | V7: 2 | W7: 1 | X7: =($M7/$R7) -> 1.0894118 | Y7: =($M7/$B7) -> 1.0894118 | Z7: =($N7/$S7) -> 1.2 | AA7: =($N7/$C7) -> 1.2 | AC7: =$M7/($R7+$B7) -> 0.54470588 | AD7: =U7*AC7 -> 1.0894118
A8: 161 | B8: =IFERROR(VLOOKUP(A8,Capacity!$A$3:$D$532,4,), "0") -> 17.649467 | C8: =IFERROR(VLOOKUP(A8,Capacity!$A$3:$F$532,6,), "0") -> 0.265 | D8: 160 | E8: =IFERROR(VLOOKUP(D8,Capacity!$A$3:$D$532,4,), "0") -> 27.017696 | F8: =IFERROR(VLOOKUP(D8,Capacity!$A$3:$F$532,6,), "0") -> 0.2 | H8: =IFERROR(VLOOKUP(G8,Capacity!$A$3:$D$532,4,), "0") -> 0 | I8: =IFERROR(VLOOKUP(G8,Capacity!$A$3:$F$532,6,), "0") -> 0 | K8: =IFERROR(VLOOKUP(J8,Capacity!$A$3:$D$532,4,), "0") -> 0 | L8: =IFERROR(VLOOKUP(J8,Capacity!$A$3:$F$532,6,), "0") -> 0 | M8: =$E8+$H8+$K8 -> 27.017696 | N8: =$F8+$I8+$L8 -> 0.2 | O8: 156 | P8: =IFERROR(VLOOKUP(O8,Capacity!$A$3:$D$532,4,), "0") -> 388.77208 | Q8: =IFERROR(VLOOKUP(O8,Capacity!$A$3:$F$532,6,), "0") -> 0.75 | R8: =$P8 -> 388.77208 | S8: =$Q8 -> 0.75 | T8: 161 | U8: 1 | V8: 1 | W8: 1 | X8: =($M8/$R8) -> 0.069494949 | Y8: =($M8/$B8) -> 1.5307939 | Z8: =($N8/$S8) -> 0.26666667 | AA8: =($N8/$C8) -> 0.75471698 | AC8: =$M8/($R8+$B8) -> 0.066477027 | AD8: =U8*AC8 -> 0.066477027
A9: 155 | B9: =IFERROR(VLOOKUP(A9,Capacity!$A$3:$D$532,4,), "0") -> 371.10063 | C9: =IFERROR(VLOOKUP(A9,Capacity!$A$3:$F$532,6,), "0") -> 0.75 | D9: 154 | E9: =IFERROR(VLOOKUP(D9,Capacity!$A$3:$D$532,4,), "0") -> 388.77208 | F9: =IFERROR(VLOOKUP(D9,Capacity!$A$3:$F$532,6,), "0") -> 0.75 | H9: =IFERROR(VLOOKUP(G9,Capacity!$A$3:$D$532,4,), "0") -> 0 | I9: =IFERROR(VLOOKUP(G9,Capacity!$A$3:$F$532,6,), "0") -> 0 | K9: =IFERROR(VLOOKUP(J9,Capacity!$A$3:$D$532,4,), "0") -> 0 | L9: =IFERROR(VLOOKUP(J9,Capacity!$A$3:$F$532,6,), "0") -> 0 | M9: =$E9+$H9+$K9 -> 388.77208 | N9: =$F9+$I9+$L9 -> 0.75 | O9: 156 | P9: =IFERROR(VLOOKUP(O9,Capacity!$A$3:$D$532,4,), "0") -> 388.77208 | Q9: =IFERROR(VLOOKUP(O9,Capacity!$A$3:$F$532,6,), "0") -> 0.75 | R9: =$P9 -> 388.77208 | S9: =$Q9 -> 0.75 | T9: 155 | U9: 1 | V9: 1 | W9: 1 | X9: =($M9/$R9) -> 1 | Y9: =($M9/$B9) -> 1.047619 | Z9: =($N9/$S9) -> 1 | AA9: =($N9/$C9) -> 1 | AC9: =$M9/($R9+$B9) -> 0.51162791 | AD9: =U9*AC9 -> 0.51162791
A10: 169 | B10: =IFERROR(VLOOKUP(A10,Capacity!$A$3:$D$532,4,), "0") -> 42.725659 | C10: =IFERROR(VLOOKUP(A10,Capacity!$A$3:$F$532,6,), "0") -> 0.4 | D10: 167 | E10: =IFERROR(VLOOKUP(D10,Capacity!$A$3:$D$532,4,), "0") -> 175.30087 | F10: =IFERROR(VLOOKUP(D10,Capacity!$A$3:$F$532,6,), "0") -> 0.6 | G10: 177 | H10: =IFERROR(VLOOKUP(G10,Capacity!$A$3:$D$532,4,), "0") -> 282.74333 | I10: =IFERROR(VLOOKUP(G10,Capacity!$A$3:$F$532,6,), "0") -> 0.75 | K10: =IFERROR(VLOOKUP(J10,Capacity!$A$3:$D$532,4,), "0") -> 0 | L10: =IFERROR(VLOOKUP(J10,Capacity!$A$3:$F$532,6,), "0") -> 0 | M10: =$E10+$H10+$K10 -> 458.0442 | N10: =$F10+$I10+$L10 -> 1.35 | O10: 163 | P10: =IFERROR(VLOOKUP(O10,Capacity!$A$3:$D$532,4,), "0") -> 42.725659 | Q10: =IFERROR(VLOOKUP(O10,Capacity!$A$3:$F$532,6,), "0") -> 0.4 | R10: =$P10 -> 42.725659 | S10: =$Q10 -> 0.4 | T10: 169 | U10: 2 | V10: 2 | W10: 1 | X10: =($M10/$R10) -> 10.720588 | Y10: =($M10/$B10) -> 10.720588 | Z10: =($N10/$S10) -> 3.375 | AA10: =($N10/$C10) -> 3.375 | AC10: =$M10/($R10+$B10) -> 5.3602941 | AD10: =U10*AC10 -> 10.720588
A11: 162 | B11: =IFERROR(VLOOKUP(A11,Capacity!$A$3:$D$532,4,), "0") -> 16.355916 | C11: =IFERROR(VLOOKUP(A11,Capacity!$A$3:$F$532,6,), "0") -> 0.175 | D11: 450 | E11: =IFERROR(VLOOKUP(D11,Capacity!$A$3:$D$532,4,), "0") -> 6.7347891 | F11: =IFERROR(VLOOKUP(D11,Capacity!$A$3:$F$532,6,), "0") -> 0.175 | H11: =IFERROR(VLOOKUP(G11,Capacity!$A$3:$D$532,4,), "0") -> 0 | I11: =IFERROR(VLOOKUP(G11,Capacity!$A$3:$F$532,6,), "0") -> 0 | K11: =IFERROR(VLOOKUP(J11,Capacity!$A$3:$D$532,4,), "0") -> 0 | L11: =IFERROR(VLOOKUP(J11,Capacity!$A$3:$F$532,6,), "0") -> 0 | M11: =$E11+$H11+$K11 -> 6.7347891 | N11: =$F11+$I11+$L11 -> 0.175 | O11: 163 | P11: =IFERROR(VLOOKUP(O11,Capacity!$A$3:$D$532,4,), "0") -> 42.725659 | Q11: =IFERROR(VLOOKUP(O11,Capacity!$A$3:$F$532,6,), "0") -> 0.4 | R11: =$P11 -> 42.725659 | S11: =$Q11 -> 0.4 | T11: 162 | U11: 1 | V11: 1 | W11: 1 | X11: =($M11/$R11) -> 0.15762868 | Y11: =($M11/$B11) -> 0.41176471 | Z11: =($N11/$S11) -> 0.4375 | AA11: =($N11/$C11) -> 1 | AC11: =$M11/($R11+$B11) -> 0.11399136 | AD11: =U11*AC11 -> 0.11399136
A12: 148 | B12: =IFERROR(VLOOKUP(A12,Capacity!$A$3:$D$532,4,), "0") -> 23.876104 | C12: =IFERROR(VLOOKUP(A12,Capacity!$A$3:$F$532,6,), "0") -> 0.2 | D12: 147 | E12: =IFERROR(VLOOKUP(D12,Capacity!$A$3:$D$532,4,), "0") -> 23.876104 | F12: =IFERROR(VLOOKUP(D12,Capacity!$A$3:$F$532,6,), "0") -> 0.2 | H12: =IFERROR(VLOOKUP(G12,Capacity!$A$3:$D$532,4,), "0") -> 0 | I12: =IFERROR(VLOOKUP(G12,Capacity!$A$3:$F$532,6,), "0") -> 0 | K12: =IFERROR(VLOOKUP(J12,Capacity!$A$3:$D$532,4,), "0") -> 0 | L12: =IFERROR(VLOOKUP(J12,Capacity!$A$3:$F$532,6,), "0") -> 0 | M12: =$E12+$H12+$K12 -> 23.876104 | N12: =$F12+$I12+$L12 -> 0.2 | O12: 149 | P12: =IFERROR(VLOOKUP(O12,Capacity!$A$3:$D$532,4,), "0") -> 267.03537 | Q12: =IFERROR(VLOOKUP(O12,Capacity!$A$3:$F$532,6,), "0") -> 1 | R12: =$P12 -> 267.03537 | S12: =$Q12 -> 1 | T12: 148 | U12: 1 | V12: 1 | W12: 1 | X12: =($M12/$R12) -> 0.089411765 | Y12: =($M12/$B12) -> 1 | Z12: =($N12/$S12) -> 0.2 | AA12: =($N12/$C12) -> 1 | AC12: =$M12/($R12+$B12) -> 0.082073434 | AD12: =U12*AC12 -> 0.082073434
A13: 144 | B13: =IFERROR(VLOOKUP(A13,Capacity!$A$3:$D$532,4,), "0") -> 267.03537 | C13: =IFERROR(VLOOKUP(A13,Capacity!$A$3:$F$532,6,), "0") -> 1 | D13: 143 | E13: =IFERROR(VLOOKUP(D13,Capacity!$A$3:$D$532,4,), "0") -> 17.799086 | F13: =IFERROR(VLOOKUP(D13,Capacity!$A$3:$F$532,6,), "0") -> 0.175 | G13: 137 | H13: =IFERROR(VLOOKUP(G13,Capacity!$A$3:$D$532,4,), "0") -> 267.03537 | I13: =IFERROR(VLOOKUP(G13,Capacity!$A$3:$F$532,6,), "0") -> 1 | K13: =IFERROR(VLOOKUP(J13,Capacity!$A$3:$D$532,4,), "0") -> 0 | L13: =IFERROR(VLOOKUP(J13,Capacity!$A$3:$F$532,6,), "0") -> 0 | M13: =$E13+$H13+$K13 -> 284.83446 | N13: =$F13+$I13+$L13 -> 1.175 | O13: 149 | P13: =IFERROR(VLOOKUP(O13,Capacity!$A$3:$D$532,4,), "0") -> 267.03537 | Q13: =IFERROR(VLOOKUP(O13,Capacity!$A$3:$F$532,6,), "0") -> 1 | R13: =$P13 -> 267.03537 | S13: =$Q13 -> 1 | T13: 144 | U13: 2 | V13: 2 | W13: 1 | X13: =($M13/$R13) -> 1.0666544 | Y13: =($M13/$B13) -> 1.0666544 | Z13: =($N13/$S13) -> 1.175 | AA13: =($N13/$C13) -> 1.175 | AC13: =$M13/($R13+$B13) -> 0.53332721 | AD13: =U13*AC13 -> 1.0666544
A14: 151 | B14: =IFERROR(VLOOKUP(A14,Capacity!$A$3:$D$532,4,), "0") -> 25.132741 | C14: =IFERROR(VLOOKUP(A14,Capacity!$A$3:$F$532,6,), "0") -> 0.2 | D14: 150 | E14: =IFERROR(VLOOKUP(D14,Capacity!$A$3:$D$532,4,), "0") -> 19.242255 | F14: =IFERROR(VLOOKUP(D14,Capacity!$A$3:$F$532,6,), "0") -> 0.175 | H14: =IFERROR(VLOOKUP(G14,Capacity!$A$3:$D$532,4,), "0") -> 0 | I14: =IFERROR(VLOOKUP(G14,Capacity!$A$3:$F$532,6,), "0") -> 0 | K14: =IFERROR(VLOOKUP(J14,Capacity!$A$3:$D$532,4,), "0") -> 0 | L14: =IFERROR(VLOOKUP(J14,Capacity!$A$3:$F$532,6,), "0") -> 0 | M14: =$E14+$H14+$K14 -> 19.242255 | N14: =$F14+$I14+$L14 -> 0.175 | O14: 152 | P14: =IFERROR(VLOOKUP(O14,Capacity!$A$3:$D$532,4,), "0") -> 25.132741 | Q14: =IFERROR(VLOOKUP(O14,Capacity!$A$3:$F$532,6,), "0") -> 0.2 | R14: =$P14 -> 25.132741 | S14: =$Q14 -> 0.2 | T14: 151 | U14: 1 | V14: 1 | W14: 1 | X14: =($M14/$R14) -> 0.765625 | Y14: =($M14/$B14) -> 0.765625 | Z14: =($N14/$S14) -> 0.875 | AA14: =($N14/$C14) -> 0.875 | AC14: =$M14/($R14+$B14) -> 0.3828125 | AD14: =U14*AC14 -> 0.3828125
A15: 154 | B15: =IFERROR(VLOOKUP(A15,Capacity!$A$3:$D$532,4,), "0") -> 388.77208 | C15: =IFERROR(VLOOKUP(A15,Capacity!$A$3:$F$532,6,), "0") -> 0.75 | D15: 87 | E15: =IFERROR(VLOOKUP(D15,Capacity!$A$3:$D$532,4,), "0") -> 388.77208 | F15: =IFERROR(VLOOKUP(D15,Capacity!$A$3:$F$532,6,), "0") -> 0.75 | H15: =IFERROR(VLOOKUP(G15,Capacity!$A$3:$D$532,4,), "0") -> 0 | I15: =IFERROR(VLOOKUP(G15,Capacity!$A$3:$F$532,6,), "0") -> 0 | K15: =IFERROR(VLOOKUP(J15,Capacity!$A$3:$D$532,4,), "0") -> 0 | L15: =IFERROR(VLOOKUP(J15,Capacity!$A$3:$F$532,6,), "0") -> 0 | M15: =$E15+$H15+$K15 -> 388.77208 | N15: =$F15+$I15+$L15 -> 0.75 | O15: 155 | P15: =IFERROR(VLOOKUP(O15,Capacity!$A$3:$D$532,4,), "0") -> 371.10063 | Q15: =IFERROR(VLOOKUP(O15,Capacity!$A$3:$F$532,6,), "0") -> 0.75 | R15: =$P15 -> 371.10063 | S15: =$Q15 -> 0.75 | T15: 154 | U15: 1 | V15: 1 | W15: 1 | X15: =($M15/$R15) -> 1.047619 | Y15: =($M15/$B15) -> 1 | Z15: =($N15/$S15) -> 1 | AA15: =($N15/$C15) -> 1 | AC15: =$M15/($R15+$B15) -> 0.51162791 | AD15: =U15*AC15 -> 0.51162791
A16: 160 | B16: =IFERROR(VLOOKUP(A16,Capacity!$A$3:$D$532,4,), "0") -> 27.017696 | C16: =IFERROR(VLOOKUP(A16,Capacity!$A$3:$F$532,6,), "0") -> 0.2 | D16: 449 | E16: =IFERROR(VLOOKUP(D16,Capacity!$A$3:$D$532,4,), "0") -> 20.685424 | F16: =IFERROR(VLOOKUP(D16,Capacity!$A$3:$F$532,6,), "0") -> 0.175 | H16: =IFERROR(VLOOKUP(G16,Capacity!$A$3:$D$532,4,), "0") -> 0 | I16: =IFERROR(VLOOKUP(G16,Capacity!$A$3:$F$532,6,), "0") -> 0 | K16: =IFERROR(VLOOKUP(J16,Capacity!$A$3:$D$532,4,), "0") -> 0 | L16: =IFERROR(VLOOKUP(J16,Capacity!$A$3:$F$532,6,), "0") -> 0 | M16: =$E16+$H16+$K16 -> 20.685424 | N16: =$F16+$I16+$L16 -> 0.175 | O16: 161 | P16: =IFERROR(VLOOKUP(O16,Capacity!$A$3:$D$532,4,), "0") -> 17.649467 | Q16: =IFERROR(VLOOKUP(O16,Capacity!$A$3:$F$532,6,), "0") -> 0.265 | R16: =$P16 -> 17.649467 | S16: =$Q16 -> 0.265 | T16: 160 | U16: 1 | V16: 1 | W16: 1 | X16: =($M16/$R16) -> 1.1720141 | Y16: =($M16/$B16) -> 0.765625 | Z16: =($N16/$S16) -> 0.66037736 | AA16: =($N16/$C16) -> 0.875 | AC16: =$M16/($R16+$B16) -> 0.46310135 | AD16: =U16*AC16 -> 0.46310135
A17: 450 | B17: =IFERROR(VLOOKUP(A17,Capacity!$A$3:$D$532,4,), "0") -> 6.7347891 | C17: =IFERROR(VLOOKUP(A17,Capacity!$A$3:$F$532,6,), "0") -> 0.175 | E17: =IFERROR(VLOOKUP(D17,Capacity!$A$3:$D$532,4,), "0") -> 0 | F17: =IFERROR(VLOOKUP(D17,Capacity!$A$3:$F$532,6,), "0") -> 0 | H17: =IFERROR(VLOOKUP(G17,Capacity!$A$3:$D$532,4,), "0") -> 0 | I17: =IFERROR(VLOOKUP(G17,Capacity!$A$3:$F$532,6,), "0") -> 0 | K17: =IFERROR(VLOOKUP(J17,Capacity!$A$3:$D$532,4,), "0") -> 0 | L17: =IFERROR(VLOOKUP(J17,Capacity!$A$3:$F$532,6,), "0") -> 0 | M17: =$E17+$H17+$K17 -> 0 | N17: =$F17+$I17+$L17 -> 0 | O17: 162 | P17: =IFERROR(VLOOKUP(O17,Capacity!$A$3:$D$532,4,), "0") -> 16.355916 | Q17: =IFERROR(VLOOKUP(O17,Capacity!$A$3:$F$532,6,), "0") -> 0.175 | R17: =$P17 -> 16.355916 | S17: =$Q17 -> 0.175 | T17: 450 | U17: 0 | V17: 0 | W17: 1 | X17: =($M17/$R17) -> 0 | Y17: =($M17/$B17) -> 0 | Z17: =($N17/$S17) -> 0 | AA17: =($N17/$C17) -> 0 | AC17: =$M17/($R17+$B17) -> 0 | AD17: =U17*AC17 -> 0
A18: 177 | B18: =IFERROR(VLOOKUP(A18,Capacity!$A$3:$D$532,4,), "0") -> 282.74333 | C18: =IFERROR(VLOOKUP(A18,Capacity!$A$3:$F$532,6,), "0") -> 0.75 | D18: 176 | E18: =IFERROR(VLOOKUP(D18,Capacity!$A$3:$D$532,4,), "0") -> 19.242255 | F18: =IFERROR(VLOOKUP(D18,Capacity!$A$3:$F$532,6,), "0") -> 0.175 | G18: 183 | H18: =IFERROR(VLOOKUP(G18,Capacity!$A$3:$D$532,4,), "0") -> 40.212385 | I18: =IFERROR(VLOOKUP(G18,Capacity!$A$3:$F$532,6,), "0") -> 0.4 | K18: =IFERROR(VLOOKUP(J18,Capacity!$A$3:$D$532,4,), "0") -> 0 | L18: =IFERROR(VLOOKUP(J18,Capacity!$A$3:$F$532,6,), "0") -> 0 | M18: =$E18+$H18+$K18 -> 59.45464 | N18: =$F18+$I18+$L18 -> 0.575 | O18: 169 | P18: =IFERROR(VLOOKUP(O18,Capacity!$A$3:$D$532,4,), "0") -> 42.725659 | Q18: =IFERROR(VLOOKUP(O18,Capacity!$A$3:$F$532,6,), "0") -> 0.4 | R18: =$P18 -> 42.725659 | S18: =$Q18 -> 0.4 | T18: 177 | U18: 2 | V18: 2 | W18: 1 | X18: =($M18/$R18) -> 1.3915441 | Y18: =($M18/$B18) -> 0.21027778 | Z18: =($N18/$S18) -> 1.4375 | AA18: =($N18/$C18) -> 0.76666667 | AC18: =$M18/($R18+$B18) -> 0.18267375 | AD18: =U18*AC18 -> 0.36534749
A19: 167 | B19: =IFERROR(VLOOKUP(A19,Capacity!$A$3:$D$532,4,), "0") -> 175.30087 | C19: =IFERROR(VLOOKUP(A19,Capacity!$A$3:$F$532,6,), "0") -> 0.6 | D19: 451 | E19: =IFERROR(VLOOKUP(D19,Capacity!$A$3:$D$532,4,), "0") -> 8.6590146 | F19: =IFERROR(VLOOKUP(D19,Capacity!$A$3:$F$532,6,), "0") -> 0.175 | G19: 166 | H19: =IFERROR(VLOOKUP(G19,Capacity!$A$3:$D$532,4,), "0") -> 47.432943 | I19: =IFERROR(VLOOKUP(G19,Capacity!$A$3:$F$532,6,), "0") -> 0.265 | K19: =IFERROR(VLOOKUP(J19,Capacity!$A$3:$D$532,4,), "0") -> 0 | L19: =IFERROR(VLOOKUP(J19,Capacity!$A$3:$F$532,6,), "0") -> 0 | M19: =$E19+$H19+$K19 -> 56.091958 | N19: =$F19+$I19+$L19 -> 0.44 | O19: 169 | P19: =IFERROR(VLOOKUP(O19,Capacity!$A$3:$D$532,4,), "0") -> 42.725659 | Q19: =IFERROR(VLOOKUP(O19,Capacity!$A$3:$F$532,6,), "0") -> 0.4 | R19: =$P19 -> 42.725659 | S19: =$Q19 -> 0.4 | T19: 167 | U19: 2 | V19: 2 | W19: 1 | X19: =($M19/$R19) -> 1.3128401 | Y19: =($M19/$B19) -> 0.31997536 | Z19: =($N19/$S19) -> 1.1 | AA19: =($N19/$C19) -> 0.73333333 | AC19: =$M19/($R19+$B19) -> 0.25727125 | AD19: =U19*AC19 -> 0.51454251
A20: 143 | B20: =IFERROR(VLOOKUP(A20,Capacity!$A$3:$D$532,4,), "0") -> 17.799086 | C20: =IFERROR(VLOOKUP(A20,Capacity!$A$3:$F$532,6,), "0") -> 0.175 | D20: 142 | E20: =IFERROR(VLOOKUP(D20,Capacity!$A$3:$D$532,4,), "0") -> 17.799086 | F20: =IFERROR(VLOOKUP(D20,Capacity!$A$3:$F$532,6,), "0") -> 0.175 | H20: =IFERROR(VLOOKUP(G20,Capacity!$A$3:$D$532,4,), "0") -> 0 | I20: =IFERROR(VLOOKUP(G20,Capacity!$A$3:$F$532,6,), "0") -> 0 | K20: =IFERROR(VLOOKUP(J20,Capacity!$A$3:$D$532,4,), "0") -> 0 | L20: =IFERROR(VLOOKUP(J20,Capacity!$A$3:$F$532,6,), "0") -> 0 | M20: =$E20+$H20+$K20 -> 17.799086 | N20: =$F20+$I20+$L20 -> 0.175 | O20: 144 | P20: =IFERROR(VLOOKUP(O20,Capacity!$A$3:$D$532,4,), "0") -> 267.03537 | Q20: =IFERROR(VLOOKUP(O20,Capacity!$A$3:$F$532,6,), "0") -> 1 | R20: =$P20 -> 267.03537 | S20: =$Q20 -> 1 | T20: 143 | U20: 1 | V20: 1 | W20: 1 | X20: =($M20/$R20) -> 0.066654412 | Y20: =($M20/$B20) -> 1 | Z20: =($N20/$S20) -> 0.175 | AA20: =($N20/$C20) -> 1 | AC20: =$M20/($R20+$B20) -> 0.062489229 | AD20: =U20*AC20 -> 0.062489229
A21: 137 | B21: =IFERROR(VLOOKUP(A21,Capacity!$A$3:$D$532,4,), "0") -> 267.03537 | C21: =IFERROR(VLOOKUP(A21,Capacity!$A$3:$F$532,6,), "0") -> 1 | D21: 138 | E21: =IFERROR(VLOOKUP(D21,Capacity!$A$3:$D$532,4,), "0") -> 48.066367 | F21: =IFERROR(VLOOKUP(D21,Capacity!$A$3:$F$532,6,), "0") -> 0.3 | G21: 136 | H21: =IFERROR(VLOOKUP(G21,Capacity!$A$3:$D$532,4,), "0") -> 150.2074 | I21: =IFERROR(VLOOKUP(G21,Capacity!$A$3:$F$532,6,), "0") -> 0.75 | K21: =IFERROR(VLOOKUP(J21,Capacity!$A$3:$D$532,4,), "0") -> 0 | L21: =IFERROR(VLOOKUP(J21,Capacity!$A$3:$F$532,6,), "0") -> 0 | M21: =$E21+$H21+$K21 -> 198.27376 | N21: =$F21+$I21+$L21 -> 1.05 | O21: 144 | P21: =IFERROR(VLOOKUP(O21,Capacity!$A$3:$D$532,4,), "0") -> 267.03537 | Q21: =IFERROR(VLOOKUP(O21,Capacity!$A$3:$F$532,6,), "0") -> 1 | R21: =$P21 -> 267.03537 | S21: =$Q21 -> 1 | T21: 137 | U21: 2 | V21: 2 | W21: 1 | X21: =($M21/$R21) -> 0.7425 | Y21: =($M21/$B21) -> 0.7425 | Z21: =($N21/$S21) -> 1.05 | AA21: =($N21/$C21) -> 1.05 | AC21: =$M21/($R21+$B21) -> 0.37125 | AD21: =U21*AC21 -> 0.7425
A22: 147 | B22: =IFERROR(VLOOKUP(A22,Capacity!$A$3:$D$532,4,), "0") -> 23.876104 | C22: =IFERROR(VLOOKUP(A22,Capacity!$A$3:$F$532,6,), "0") -> 0.2 | D22: 145 | E22: =IFERROR(VLOOKUP(D22,Capacity!$A$3:$D$532,4,), "0") -> 23.876104 | F22: =IFERROR(VLOOKUP(D22,Capacity!$A$3:$F$532,6,), "0") -> 0.2 | H22: =IFERROR(VLOOKUP(G22,Capacity!$A$3:$D$532,4,), "0") -> 0 | I22: =IFERROR(VLOOKUP(G22,Capacity!$A$3:$F$532,6,), "0") -> 0 | K22: =IFERROR(VLOOKUP(J22,Capacity!$A$3:$D$532,4,), "0") -> 0 | L22: =IFERROR(VLOOKUP(J22,Capacity!$A$3:$F$532,6,), "0") -> 0 | M22: =$E22+$H22+$K22 -> 23.876104 | N22: =$F22+$I22+$L22 -> 0.2 | O22: 148 | P22: =IFERROR(VLOOKUP(O22,Capacity!$A$3:$D$532,4,), "0") -> 23.876104 | Q22: =IFERROR(VLOOKUP(O22,Capacity!$A$3:$F$532,6,), "0") -> 0.2 | R22: =$P22 -> 23.876104 | S22: =$Q22 -> 0.2 | T22: 147 | U22: 1 | V22: 1 | W22: 1 | X22: =($M22/$R22) -> 1 | Y22: =($M22/$B22) -> 1 | Z22: =($N22/$S22) -> 1 | AA22: =($N22/$C22) -> 1 | AC22: =$M22/($R22+$B22) -> 0.5 | AD22: =U22*AC22 -> 0.5
A23: 150 | B23: =IFERROR(VLOOKUP(A23,Capacity!$A$3:$D$532,4,), "0") -> 19.242255 | C23: =IFERROR(VLOOKUP(A23,Capacity!$A$3:$F$532,6,), "0") -> 0.175 | D23: 446 | E23: =IFERROR(VLOOKUP(D23,Capacity!$A$3:$D$532,4,), "0") -> 40.212385 | F23: =IFERROR(VLOOKUP(D23,Capacity!$A$3:$F$532,6,), "0") -> 0.4 | G23: 88 | H23: =IFERROR(VLOOKUP(G23,Capacity!$A$3:$D$532,4,), "0") -> 172.78759 | I23: =IFERROR(VLOOKUP(G23,Capacity!$A$3:$F$532,6,), "0") -> 0.5 | K23: =IFERROR(VLOOKUP(J23,Capacity!$A$3:$D$532,4,), "0") -> 0 | L23: =IFERROR(VLOOKUP(J23,Capacity!$A$3:$F$532,6,), "0") -> 0 | M23: =$E23+$H23+$K23 -> 212.99998 | N23: =$F23+$I23+$L23 -> 0.9 | O23: 151 | P23: =IFERROR(VLOOKUP(O23,Capacity!$A$3:$D$532,4,), "0") -> 25.132741 | Q23: =IFERROR(VLOOKUP(O23,Capacity!$A$3:$F$532,6,), "0") -> 0.2 | R23: =$P23 -> 25.132741 | S23: =$Q23 -> 0.2 | T23: 150 | U23: 2 | V23: 2 | W23: 1 | X23: =($M23/$R23) -> 8.475 | Y23: =($M23/$B23) -> 11.069388 | Z23: =($N23/$S23) -> 4.5 | AA23: =($N23/$C23) -> 5.1428571 | AC23: =$M23/($R23+$B23) -> 4.8 | AD23: =U23*AC23 -> 9.6
A24: 448 | B24: =IFERROR(VLOOKUP(A24,Capacity!$A$3:$D$532,4,), "0") -> 7.6969019 | C24: =IFERROR(VLOOKUP(A24,Capacity!$A$3:$F$532,6,), "0") -> 0.175 | E24: =IFERROR(VLOOKUP(D24,Capacity!$A$3:$D$532,4,), "0") -> 0 | F24: =IFERROR(VLOOKUP(D24,Capacity!$A$3:$F$532,6,), "0") -> 0 | H24: =IFERROR(VLOOKUP(G24,Capacity!$A$3:$D$532,4,), "0") -> 0 | I24: =IFERROR(VLOOKUP(G24,Capacity!$A$3:$F$532,6,), "0") -> 0 | K24: =IFERROR(VLOOKUP(J24,Capacity!$A$3:$D$532,4,), "0") -> 0 | L24: =IFERROR(VLOOKUP(J24,Capacity!$A$3:$F$532,6,), "0") -> 0 | M24: =$E24+$H24+$K24 -> 0 | N24: =$F24+$I24+$L24 -> 0 | O24: 154 | P24: =IFERROR(VLOOKUP(O24,Capacity!$A$3:$D$532,4,), "0") -> 388.77208 | Q24: =IFERROR(VLOOKUP(O24,Capacity!$A$3:$F$532,6,), "0") -> 0.75 | R24: =$P24 -> 388.77208 | S24: =$Q24 -> 0.75 | T24: 448 | U24: 0 | V24: 0 | W24: 1 | X24: =($M24/$R24) -> 0 | Y24: =($M24/$B24) -> 0 | Z24: =($N24/$S24) -> 0 | AA24: =($N24/$C24) -> 0 | AC24: =$M24/($R24+$B24) -> 0 | AD24: =U24*AC24 -> 0
A25: 159 | B25: =IFERROR(VLOOKUP(A25,Capacity!$A$3:$D$532,4,), "0") -> 22.619467 | C25: =IFERROR(VLOOKUP(A25,Capacity!$A$3:$F$532,6,), "0") -> 0.3 | D25: 419 | E25: =IFERROR(VLOOKUP(D25,Capacity!$A$3:$D$532,4,), "0") -> 21.16648 | F25: =IFERROR(VLOOKUP(D25,Capacity!$A$3:$F$532,6,), "0") -> 0.175 | G25: 164 | H25: =IFERROR(VLOOKUP(G25,Capacity!$A$3:$D$532,4,), "0") -> 22.619467 | I25: =IFERROR(VLOOKUP(G25,Capacity!$A$3:$F$532,6,), "0") -> 0.3 | K25: =IFERROR(VLOOKUP(J25,Capacity!$A$3:$D$532,4,), "0") -> 0 | L25: =IFERROR(VLOOKUP(J25,Capacity!$A$3:$F$532,6,), "0") -> 0 | M25: =$E25+$H25+$K25 -> 43.785947 | N25: =$F25+$I25+$L25 -> 0.475 | O25: 154 | P25: =IFERROR(VLOOKUP(O25,Capacity!$A$3:$D$532,4,), "0") -> 388.77208 | Q25: =IFERROR(VLOOKUP(O25,Capacity!$A$3:$F$532,6,), "0") -> 0.75 | R25: =$P25 -> 388.77208 | S25: =$Q25 -> 0.75 | T25: 159 | U25: 2 | V25: 2 | W25: 1 | X25: =($M25/$R25) -> 0.11262626 | Y25: =($M25/$B25) -> 1.9357639 | Z25: =($N25/$S25) -> 0.63333333 | AA25: =($N25/$C25) -> 1.5833333 | AC25: =$M25/($R25+$B25) -> 0.10643375 | AD25: =U25*AC25 -> 0.21286751
A26: 87 | B26: =IFERROR(VLOOKUP(A26,Capacity!$A$3:$D$532,4,), "0") -> 388.77208 | C26: =IFERROR(VLOOKUP(A26,Capacity!$A$3:$F$532,6,), "0") -> 0.75 | D26: 48 | E26: =IFERROR(VLOOKUP(D26,Capacity!$A$3:$D$532,4,), "0") -> 397.60781 | F26: =IFERROR(VLOOKUP(D26,Capacity!$A$3:$F$532,6,), "0") -> 0.75 | G26: 86 | H26: =IFERROR(VLOOKUP(G26,Capacity!$A$3:$D$532,4,), "0") -> 90.477867 | I26: =IFERROR(VLOOKUP(G26,Capacity!$A$3:$F$532,6,), "0") -> 0.6 | K26: =IFERROR(VLOOKUP(J26,Capacity!$A$3:$D$532,4,), "0") -> 0 | L26: =IFERROR(VLOOKUP(J26,Capacity!$A$3:$F$532,6,), "0") -> 0 | M26: =$E26+$H26+$K26 -> 488.08568 | N26: =$F26+$I26+$L26 -> 1.35 | O26: 154 | P26: =IFERROR(VLOOKUP(O26,Capacity!$A$3:$D$532,4,), "0") -> 388.77208 | Q26: =IFERROR(VLOOKUP(O26,Capacity!$A$3:$F$532,6,), "0") -> 0.75 | R26: =$P26 -> 388.77208 | S26: =$Q26 -> 0.75 | T26: 87 | U26: 2 | V26: 2 | W26: 1 | X26: =($M26/$R26) -> 1.2554545 | Y26: =($M26/$B26) -> 1.2554545 | Z26: =($N26/$S26) -> 1.8 | AA26: =($N26/$C26) -> 1.8 | AC26: =$M26/($R26+$B26) -> 0.62772727 | AD26: =U26*AC26 -> 1.2554545
A27: 449 | B27: =IFERROR(VLOOKUP(A27,Capacity!$A$3:$D$532,4,), "0") -> 20.685424 | C27: =IFERROR(VLOOKUP(A27,Capacity!$A$3:$F$532,6,), "0") -> 0.175 | E27: =IFERROR(VLOOKUP(D27,Capacity!$A$3:$D$532,4,), "0") -> 0 | F27: =IFERROR(VLOOKUP(D27,Capacity!$A$3:$F$532,6,), "0") -> 0 | H27: =IFERROR(VLOOKUP(G27,Capacity!$A$3:$D$532,4,), "0") -> 0 | I27: =IFERROR(VLOOKUP(G27,Capacity!$A$3:$F$532,6,), "0") -> 0 | K27: =IFERROR(VLOOKUP(J27,Capacity!$A$3:$D$532,4,), "0") -> 0 | L27: =IFERROR(VLOOKUP(J27,Capacity!$A$3:$F$532,6,), "0") -> 0 | M27: =$E27+$H27+$K27 -> 0 | N27: =$F27+$I27+$L27 -> 0 | O27: 160 | P27: =IFERROR(VLOOKUP(O27,Capacity!$A$3:$D$532,4,), "0") -> 27.017696 | Q27: =IFERROR(VLOOKUP(O27,Capacity!$A$3:$F$532,6,), "0") -> 0.2 | R27: =$P27 -> 27.017696 | S27: =$Q27 -> 0.2 | T27: 449 | U27: 0 | V27: 0 | W27: 1 | X27: =($M27/$R27) -> 0 | Y27: =($M27/$B27) -> 0 | Z27: =($N27/$S27) -> 0 | AA27: =($N27/$C27) -> 0 | AC27: =$M27/($R27+$B27) -> 0 | AD27: =U27*AC27 -> 0
A28: 451 | B28: =IFERROR(VLOOKUP(A28,Capacity!$A$3:$D$532,4,), "0") -> 8.6590146 | C28: =IFERROR(VLOOKUP(A28,Capacity!$A$3:$F$532,6,), "0") -> 0.175 | E28: =IFERROR(VLOOKUP(D28,Capacity!$A$3:$D$532,4,), "0") -> 0 | F28: =IFERROR(VLOOKUP(D28,Capacity!$A$3:$F$532,6,), "0") -> 0 | H28: =IFERROR(VLOOKUP(G28,Capacity!$A$3:$D$532,4,), "0") -> 0 | I28: =IFERROR(VLOOKUP(G28,Capacity!$A$3:$F$532,6,), "0") -> 0 | K28: =IFERROR(VLOOKUP(J28,Capacity!$A$3:$D$532,4,), "0") -> 0 | L28: =IFERROR(VLOOKUP(J28,Capacity!$A$3:$F$532,6,), "0") -> 0 | M28: =$E28+$H28+$K28 -> 0 | N28: =$F28+$I28+$L28 -> 0 | O28: 167 | P28: =IFERROR(VLOOKUP(O28,Capacity!$A$3:$D$532,4,), "0") -> 175.30087 | Q28: =IFERROR(VLOOKUP(O28,Capacity!$A$3:$F$532,6,), "0") -> 0.6 | R28: =$P28 -> 175.30087 | S28: =$Q28 -> 0.6 | T28: 451 | U28: 0 | V28: 0 | W28: 1 | X28: =($M28/$R28) -> 0 | Y28: =($M28/$B28) -> 0 | Z28: =($N28/$S28) -> 0 | AA28: =($N28/$C28) -> 0 | AC28: =$M28/($R28+$B28) -> 0 | AD28: =U28*AC28 -> 0
A29: 166 | B29: =IFERROR(VLOOKUP(A29,Capacity!$A$3:$D$532,4,), "0") -> 47.432943 | C29: =IFERROR(VLOOKUP(A29,Capacity!$A$3:$F$532,6,), "0") -> 0.265 | D29: 165 | E29: =IFERROR(VLOOKUP(D29,Capacity!$A$3:$D$532,4,), "0") -> 15.87486 | F29: =IFERROR(VLOOKUP(D29,Capacity!$A$3:$F$532,6,), "0") -> 0.175 | G29: 172 | H29: =IFERROR(VLOOKUP(G29,Capacity!$A$3:$D$532,4,), "0") -> 22.619467 | I29: =IFERROR(VLOOKUP(G29,Capacity!$A$3:$F$532,6,), "0") -> 0.3 | K29: =IFERROR(VLOOKUP(J29,Capacity!$A$3:$D$532,4,), "0") -> 0 | L29: =IFERROR(VLOOKUP(J29,Capacity!$A$3:$F$532,6,), "0") -> 0 | M29: =$E29+$H29+$K29 -> 38.494327 | N29: =$F29+$I29+$L29 -> 0.475 | O29: 167 | P29: =IFERROR(VLOOKUP(O29,Capacity!$A$3:$D$532,4,), "0") -> 175.30087 | Q29: =IFERROR(VLOOKUP(O29,Capacity!$A$3:$F$532,6,), "0") -> 0.6 | R29: =$P29 -> 175.30087 | S29: =$Q29 -> 0.6 | T29: 166 | U29: 2 | V29: 2 | W29: 1 | X29: =($M29/$R29) -> 0.21959005 | Y29: =($M29/$B29) -> 0.81155257 | Z29: =($N29/$S29) -> 0.79166667 | AA29: =($N29/$C29) -> 1.7924528 | AC29: =$M29/($R29+$B29) -> 0.1728266 | AD29: =U29*AC29 -> 0.3456532
A30: 183 | B30: =IFERROR(VLOOKUP(A30,Capacity!$A$3:$D$532,4,), "0") -> 40.212385 | C30: =IFERROR(VLOOKUP(A30,Capacity!$A$3:$F$532,6,), "0") -> 0.4 | D30: 188 | E30: =IFERROR(VLOOKUP(D30,Capacity!$A$3:$D$532,4,), "0") -> 40.212385 | F30: =IFERROR(VLOOKUP(D30,Capacity!$A$3:$F$532,6,), "0") -> 0.4 | G30: 182 | H30: =IFERROR(VLOOKUP(G30,Capacity!$A$3:$D$532,4,), "0") -> 19.242255 | I30: =IFERROR(VLOOKUP(G30,Capacity!$A$3:$F$532,6,), "0") -> 0.175 | K30: =IFERROR(VLOOKUP(J30,Capacity!$A$3:$D$532,4,), "0") -> 0 | L30: =IFERROR(VLOOKUP(J30,Capacity!$A$3:$F$532,6,), "0") -> 0 | M30: =$E30+$H30+$K30 -> 59.45464 | N30: =$F30+$I30+$L30 -> 0.575 | O30: 177 | P30: =IFERROR(VLOOKUP(O30,Capacity!$A$3:$D$532,4,), "0") -> 282.74333 | Q30: =IFERROR(VLOOKUP(O30,Capacity!$A$3:$F$532,6,), "0") -> 0.75 | R30: =$P30 -> 282.74333 | S30: =$Q30 -> 0.75 | T30: 183 | U30: 2 | V30: 2 | W30: 1 | X30: =($M30/$R30) -> 0.21027778 | Y30: =($M30/$B30) -> 1.4785156 | Z30: =($N30/$S30) -> 0.76666667 | AA30: =($N30/$C30) -> 1.4375 | AC30: =$M30/($R30+$B30) -> 0.18409533 | AD30: =U30*AC30 -> 0.36819066
A31: 176 | B31: =IFERROR(VLOOKUP(A31,Capacity!$A$3:$D$532,4,), "0") -> 19.242255 | C31: =IFERROR(VLOOKUP(A31,Capacity!$A$3:$F$532,6,), "0") -> 0.175 | D31: 456 | E31: =IFERROR(VLOOKUP(D31,Capacity!$A$3:$D$532,4,), "0") -> 19.242255 | F31: =IFERROR(VLOOKUP(D31,Capacity!$A$3:$F$532,6,), "0") -> 0.175 | H31: =IFERROR(VLOOKUP(G31,Capacity!$A$3:$D$532,4,), "0") -> 0 | I31: =IFERROR(VLOOKUP(G31,Capacity!$A$3:$F$532,6,), "0") -> 0 | K31: =IFERROR(VLOOKUP(J31,Capacity!$A$3:$D$532,4,), "0") -> 0 | L31: =IFERROR(VLOOKUP(J31,Capacity!$A$3:$F$532,6,), "0") -> 0 | M31: =$E31+$H31+$K31 -> 19.242255 | N31: =$F31+$I31+$L31 -> 0.175 | O31: 177 | P31: =IFERROR(VLOOKUP(O31,Capacity!$A$3:$D$532,4,), "0") -> 282.74333 | Q31: =IFERROR(VLOOKUP(O31,Capacity!$A$3:$F$532,6,), "0") -> 0.75 | R31: =$P31 -> 282.74333 | S31: =$Q31 -> 0.75 | T31: 176 | U31: 1 | V31: 1 | W31: 1 | X31: =($M31/$R31) -> 0.068055556 | Y31: =($M31/$B31) -> 1 | Z31: =($N31/$S31) -> 0.23333333 | AA31: =($N31/$C31) -> 1 | AC31: =$M31/($R31+$B31) -> 0.063719116 | AD31: =U31*AC31 -> 0.063719116
A32: 138 | B32: =IFERROR(VLOOKUP(A32,Capacity!$A$3:$D$532,4,), "0") -> 48.066367 | C32: =IFERROR(VLOOKUP(A32,Capacity!$A$3:$F$532,6,), "0") -> 0.3 | D32: 139 | E32: =IFERROR(VLOOKUP(D32,Capacity!$A$3:$D$532,4,), "0") -> 48.066367 | F32: =IFERROR(VLOOKUP(D32,Capacity!$A$3:$F$532,6,), "0") -> 0.3 | H32: =IFERROR(VLOOKUP(G32,Capacity!$A$3:$D$532,4,), "0") -> 0 | I32: =IFERROR(VLOOKUP(G32,Capacity!$A$3:$F$532,6,), "0") -> 0 | K32: =IFERROR(VLOOKUP(J32,Capacity!$A$3:$D$532,4,), "0") -> 0 | L32: =IFERROR(VLOOKUP(J32,Capacity!$A$3:$F$532,6,), "0") -> 0 | M32: =$E32+$H32+$K32 -> 48.066367 | N32: =$F32+$I32+$L32 -> 0.3 | O32: 137 | P32: =IFERROR(VLOOKUP(O32,Capacity!$A$3:$D$532,4,), "0") -> 267.03537 | Q32: =IFERROR(VLOOKUP(O32,Capacity!$A$3:$F$532,6,), "0") -> 1 | R32: =$P32 -> 267.03537 | S32: =$Q32 -> 1 | T32: 138 | U32: 1 | V32: 1 | W32: 1 | X32: =($M32/$R32) -> 0.18 | Y32: =($M32/$B32) -> 1 | Z32: =($N32/$S32) -> 0.3 | AA32: =($N32/$C32) -> 1 | AC32: =$M32/($R32+$B32) -> 0.15254237 | AD32: =U32*AC32 -> 0.15254237
A33: 136 | B33: =IFERROR(VLOOKUP(A33,Capacity!$A$3:$D$532,4,), "0") -> 150.2074 | C33: =IFERROR(VLOOKUP(A33,Capacity!$A$3:$F$532,6,), "0") -> 0.75 | D33: 134 | E33: =IFERROR(VLOOKUP(D33,Capacity!$A$3:$D$532,4,), "0") -> 273.9076 | F33: =IFERROR(VLOOKUP(D33,Capacity!$A$3:$F$532,6,), "0") -> 0.75 | G33: 128 | H33: =IFERROR(VLOOKUP(G33,Capacity!$A$3:$D$532,4,), "0") -> 31.101767 | I33: =IFERROR(VLOOKUP(G33,Capacity!$A$3:$F$532,6,), "0") -> 0.3 | J33: 276 | K33: =IFERROR(VLOOKUP(J33,Capacity!$A$3:$D$532,4,), "0") -> 24.052818 | L33: =IFERROR(VLOOKUP(J33,Capacity!$A$3:$F$532,6,), "0") -> 0.175 | M33: =$E33+$H33+$K33 -> 329.06219 | N33: =$F33+$I33+$L33 -> 1.225 | O33: 137 | P33: =IFERROR(VLOOKUP(O33,Capacity!$A$3:$D$532,4,), "0") -> 267.03537 | Q33: =IFERROR(VLOOKUP(O33,Capacity!$A$3:$F$532,6,), "0") -> 1 | R33: =$P33 -> 267.03537 | S33: =$Q33 -> 1 | T33: 136 | U33: 3 | V33: 3 | W33: 1 | X33: =($M33/$R33) -> 1.2322794 | Y33: =($M33/$B33) -> 2.190719 | Z33: =($N33/$S33) -> 1.225 | AA33: =($N33/$C33) -> 1.6333333 | AC33: =$M33/($R33+$B33) -> 0.78865882 | AD33: =U33*AC33 -> 2.3659765
A34: 142 | B34: =IFERROR(VLOOKUP(A34,Capacity!$A$3:$D$532,4,), "0") -> 17.799086 | C34: =IFERROR(VLOOKUP(A34,Capacity!$A$3:$F$532,6,), "0") -> 0.175 | D34: 141 | E34: =IFERROR(VLOOKUP(D34,Capacity!$A$3:$D$532,4,), "0") -> 17.799086 | F34: =IFERROR(VLOOKUP(D34,Capacity!$A$3:$F$532,6,), "0") -> 0.175 | H34: =IFERROR(VLOOKUP(G34,Capacity!$A$3:$D$532,4,), "0") -> 0 | I34: =IFERROR(VLOOKUP(G34,Capacity!$A$3:$F$532,6,), "0") -> 0 | K34: =IFERROR(VLOOKUP(J34,Capacity!$A$3:$D$532,4,), "0") -> 0 | L34: =IFERROR(VLOOKUP(J34,Capacity!$A$3:$F$532,6,), "0") -> 0 | M34: =$E34+$H34+$K34 -> 17.799086 | N34: =$F34+$I34+$L34 -> 0.175 | O34: 143 | P34: =IFERROR(VLOOKUP(O34,Capacity!$A$3:$D$532,4,), "0") -> 17.799086 | Q34: =IFERROR(VLOOKUP(O34,Capacity!$A$3:$F$532,6,), "0") -> 0.175 | R34: =$P34 -> 17.799086 | S34: =$Q34 -> 0.175 | T34: 142 | U34: 1 | V34: 1 | W34: 1 | X34: =($M34/$R34) -> 1 | Y34: =($M34/$B34) -> 1 | Z34: =($N34/$S34) -> 1 | AA34: =($N34/$C34) -> 1 | AC34: =$M34/($R34+$B34) -> 0.5 | AD34: =U34*AC34 -> 0.5
A35: 145 | B35: =IFERROR(VLOOKUP(A35,Capacity!$A$3:$D$532,4,), "0") -> 23.876104 | C35: =IFERROR(VLOOKUP(A35,Capacity!$A$3:$F$532,6,), "0") -> 0.2 | D35: 445 | E35: =IFERROR(VLOOKUP(D35,Capacity!$A$3:$D$532,4,), "0") -> 7.6969019 | F35: =IFERROR(VLOOKUP(D35,Capacity!$A$3:$F$532,6,), "0") -> 0.175 | G35: 89 | H35: =IFERROR(VLOOKUP(G35,Capacity!$A$3:$D$532,4,), "0") -> 27.646015 | I35: =IFERROR(VLOOKUP(G35,Capacity!$A$3:$F$532,6,), "0") -> 0.2 | K35: =IFERROR(VLOOKUP(J35,Capacity!$A$3:$D$532,4,), "0") -> 0 | L35: =IFERROR(VLOOKUP(J35,Capacity!$A$3:$F$532,6,), "0") -> 0 | M35: =$E35+$H35+$K35 -> 35.342917 | N35: =$F35+$I35+$L35 -> 0.375 | O35: 147 | P35: =IFERROR(VLOOKUP(O35,Capacity!$A$3:$D$532,4,), "0") -> 23.876104 | Q35: =IFERROR(VLOOKUP(O35,Capacity!$A$3:$F$532,6,), "0") -> 0.2 | R35: =$P35 -> 23.876104 | S35: =$Q35 -> 0.2 | T35: 145 | U35: 2 | V35: 2 | W35: 1 | X35: =($M35/$R35) -> 1.4802632 | Y35: =($M35/$B35) -> 1.4802632 | Z35: =($N35/$S35) -> 1.875 | AA35: =($N35/$C35) -> 1.875 | AC35: =$M35/($R35+$B35) -> 0.74013158 | AD35: =U35*AC35 -> 1.4802632
A36: 446 | B36: =IFERROR(VLOOKUP(A36,Capacity!$A$3:$D$532,4,), "0") -> 40.212385 | C36: =IFERROR(VLOOKUP(A36,Capacity!$A$3:$F$532,6,), "0") -> 0.4 | E36: =IFERROR(VLOOKUP(D36,Capacity!$A$3:$D$532,4,), "0") -> 0 | F36: =IFERROR(VLOOKUP(D36,Capacity!$A$3:$F$532,6,), "0") -> 0 | H36: =IFERROR(VLOOKUP(G36,Capacity!$A$3:$D$532,4,), "0") -> 0 | I36: =IFERROR(VLOOKUP(G36,Capacity!$A$3:$F$532,6,), "0") -> 0 | K36: =IFERROR(VLOOKUP(J36,Capacity!$A$3:$D$532,4,), "0") -> 0 | L36: =IFERROR(VLOOKUP(J36,Capacity!$A$3:$F$532,6,), "0") -> 0 | M36: =$E36+$H36+$K36 -> 0 | N36: =$F36+$I36+$L36 -> 0 | O36: 150 | P36: =IFERROR(VLOOKUP(O36,Capacity!$A$3:$D$532,4,), "0") -> 19.242255 | Q36: =IFERROR(VLOOKUP(O36,Capacity!$A$3:$F$532,6,), "0") -> 0.175 | R36: =$P36 -> 19.242255 | S36: =$Q36 -> 0.175 | T36: 446 | U36: 0 | V36: 0 | W36: 1 | X36: =($M36/$R36) -> 0 | Y36: =($M36/$B36) -> 0 | Z36: =($N36/$S36) -> 0 | AA36: =($N36/$C36) -> 0 | AC36: =$M36/($R36+$B36) -> 0 | AD36: =U36*AC36 -> 0
A37: 88 | B37: =IFERROR(VLOOKUP(A37,Capacity!$A$3:$D$532,4,), "0") -> 172.78759 | C37: =IFERROR(VLOOKUP(A37,Capacity!$A$3:$F$532,6,), "0") -> 0.5 | D37: 420 | E37: =IFERROR(VLOOKUP(D37,Capacity!$A$3:$D$532,4,), "0") -> 7.6969019 | F37: =IFERROR(VLOOKUP(D37,Capacity!$A$3:$F$532,6,), "0") -> 0.175 | G37: 49 | H37: =IFERROR(VLOOKUP(G37,Capacity!$A$3:$D$532,4,), "0") -> 21.647537 | I37: =IFERROR(VLOOKUP(G37,Capacity!$A$3:$F$532,6,), "0") -> 0.175 | K37: =IFERROR(VLOOKUP(J37,Capacity!$A$3:$D$532,4,), "0") -> 0 | L37: =IFERROR(VLOOKUP(J37,Capacity!$A$3:$F$532,6,), "0") -> 0 | M37: =$E37+$H37+$K37 -> 29.344438 | N37: =$F37+$I37+$L37 -> 0.35 | O37: 150 | P37: =IFERROR(VLOOKUP(O37,Capacity!$A$3:$D$532,4,), "0") -> 19.242255 | Q37: =IFERROR(VLOOKUP(O37,Capacity!$A$3:$F$532,6,), "0") -> 0.175 | R37: =$P37 -> 19.242255 | S37: =$Q37 -> 0.175 | T37: 88 | U37: 2 | V37: 2 | W37: 1 | X37: =($M37/$R37) -> 1.525 | Y37: =($M37/$B37) -> 0.16982955 | Z37: =($N37/$S37) -> 2 | AA37: =($N37/$C37) -> 0.7 | AC37: =$M37/($R37+$B37) -> 0.15281186 | AD37: =U37*AC37 -> 0.30562372
A38: 86 | B38: =IFERROR(VLOOKUP(A38,Capacity!$A$3:$D$532,4,), "0") -> 90.477867 | C38: =IFERROR(VLOOKUP(A38,Capacity!$A$3:$F$532,6,), "0") -> 0.6 | D38: 85 | E38: =IFERROR(VLOOKUP(D38,Capacity!$A$3:$D$532,4,), "0") -> 90.477867 | F38: =IFERROR(VLOOKUP(D38,Capacity!$A$3:$F$532,6,), "0") -> 0.6 | H38: =IFERROR(VLOOKUP(G38,Capacity!$A$3:$D$532,4,), "0") -> 0 | I38: =IFERROR(VLOOKUP(G38,Capacity!$A$3:$F$532,6,), "0") -> 0 | K38: =IFERROR(VLOOKUP(J38,Capacity!$A$3:$D$532,4,), "0") -> 0 | L38: =IFERROR(VLOOKUP(J38,Capacity!$A$3:$F$532,6,), "0") -> 0 | M38: =$E38+$H38+$K38 -> 90.477867 | N38: =$F38+$I38+$L38 -> 0.6 | O38: 87 | P38: =IFERROR(VLOOKUP(O38,Capacity!$A$3:$D$532,4,), "0") -> 388.77208 | Q38: =IFERROR(VLOOKUP(O38,Capacity!$A$3:$F$532,6,), "0") -> 0.75 | R38: =$P38 -> 388.77208 | S38: =$Q38 -> 0.75 | T38: 86 | U38: 1 | V38: 1 | W38: 1 | X38: =($M38/$R38) -> 0.23272727 | Y38: =($M38/$B38) -> 1 | Z38: =($N38/$S38) -> 0.8 | AA38: =($N38/$C38) -> 1 | AC38: =$M38/($R38+$B38) -> 0.18879056 | AD38: =U38*AC38 -> 0.18879056
A39: 48 | B39: =IFERROR(VLOOKUP(A39,Capacity!$A$3:$D$532,4,), "0") -> 397.60781 | C39: =IFERROR(VLOOKUP(A39,Capacity!$A$3:$F$532,6,), "0") -> 0.75 | D39: 23 | E39: =IFERROR(VLOOKUP(D39,Capacity!$A$3:$D$532,4,), "0") -> 125.6637 | F39: =IFERROR(VLOOKUP(D39,Capacity!$A$3:$F$532,6,), "0") -> 0.4 | H39: =IFERROR(VLOOKUP(G39,Capacity!$A$3:$D$532,4,), "0") -> 0 | I39: =IFERROR(VLOOKUP(G39,Capacity!$A$3:$F$532,6,), "0") -> 0 | K39: =IFERROR(VLOOKUP(J39,Capacity!$A$3:$D$532,4,), "0") -> 0 | L39: =IFERROR(VLOOKUP(J39,Capacity!$A$3:$F$532,6,), "0") -> 0 | M39: =$E39+$H39+$K39 -> 125.6637 | N39: =$F39+$I39+$L39 -> 0.4 | O39: 87 | P39: =IFERROR(VLOOKUP(O39,Capacity!$A$3:$D$532,4,), "0") -> 388.77208 | Q39: =IFERROR(VLOOKUP(O39,Capacity!$A$3:$F$532,6,), "0") -> 0.75 | R39: =$P39 -> 388.77208 | S39: =$Q39 -> 0.75 | T39: 48 | U39: 1 | V39: 1 | W39: 1 | X39: =($M39/$R39) -> 0.32323232 | Y39: =($M39/$B39) -> 0.31604938 | Z39: =($N39/$S39) -> 0.53333333 | AA39: =($N39/$C39) -> 0.53333333 | AC39: =$M39/($R39+$B39) -> 0.15980025 | AD39: =U39*AC39 -> 0.15980025
A40: 419 | B40: =IFERROR(VLOOKUP(A40,Capacity!$A$3:$D$532,4,), "0") -> 21.16648 | C40: =IFERROR(VLOOKUP(A40,Capacity!$A$3:$F$532,6,), "0") -> 0.175 | E40: =IFERROR(VLOOKUP(D40,Capacity!$A$3:$D$532,4,), "0") -> 0 | F40: =IFERROR(VLOOKUP(D40,Capacity!$A$3:$F$532,6,), "0") -> 0 | H40: =IFERROR(VLOOKUP(G40,Capacity!$A$3:$D$532,4,), "0") -> 0 | I40: =IFERROR(VLOOKUP(G40,Capacity!$A$3:$F$532,6,), "0") -> 0 | K40: =IFERROR(VLOOKUP(J40,Capacity!$A$3:$D$532,4,), "0") -> 0 | L40: =IFERROR(VLOOKUP(J40,Capacity!$A$3:$F$532,6,), "0") -> 0 | M40: =$E40+$H40+$K40 -> 0 | N40: =$F40+$I40+$L40 -> 0 | O40: 159 | P40: =IFERROR(VLOOKUP(O40,Capacity!$A$3:$D$532,4,), "0") -> 22.619467 | Q40: =IFERROR(VLOOKUP(O40,Capacity!$A$3:$F$532,6,), "0") -> 0.3 | R40: =$P40 -> 22.619467 | S40: =$Q40 -> 0.3 | T40: 419 | U40: 0 | V40: 0 | W40: 1 | X40: =($M40/$R40) -> 0 | Y40: =($M40/$B40) -> 0 | Z40: =($N40/$S40) -> 0 | AA40: =($N40/$C40) -> 0 | AC40: =$M40/($R40+$B40) -> 0 | AD40: =U40*AC40 -> 0
A41: 164 | B41: =IFERROR(VLOOKUP(A41,Capacity!$A$3:$D$532,4,), "0") -> 22.619467 | C41: =IFERROR(VLOOKUP(A41,Capacity!$A$3:$F$532,6,), "0") -> 0.3 | D41: 417 | E41: =IFERROR(VLOOKUP(D41,Capacity!$A$3:$D$532,4,), "0") -> 21.16648 | F41: =IFERROR(VLOOKUP(D41,Capacity!$A$3:$F$532,6,), "0") -> 0.175 | G41: 170 | H41: =IFERROR(VLOOKUP(G41,Capacity!$A$3:$D$532,4,), "0") -> 22.619467 | I41: =IFERROR(VLOOKUP(G41,Capacity!$A$3:$F$532,6,), "0") -> 0.3 | K41: =IFERROR(VLOOKUP(J41,Capacity!$A$3:$D$532,4,), "0") -> 0 | L41: =IFERROR(VLOOKUP(J41,Capacity!$A$3:$F$532,6,), "0") -> 0 | M41: =$E41+$H41+$K41 -> 43.785947 | N41: =$F41+$I41+$L41 -> 0.475 | O41: 159 | P41: =IFERROR(VLOOKUP(O41,Capacity!$A$3:$D$532,4,), "0") -> 22.619467 | Q41: =IFERROR(VLOOKUP(O41,Capacity!$A$3:$F$532,6,), "0") -> 0.3 | R41: =$P41 -> 22.619467 | S41: =$Q41 -> 0.3 | T41: 164 | U41: 2 | V41: 2 | W41: 1 | X41: =($M41/$R41) -> 1.9357639 | Y41: =($M41/$B41) -> 1.9357639 | Z41: =($N41/$S41) -> 1.5833333 | AA41: =($N41/$C41) -> 1.5833333 | AC41: =$M41/($R41+$B41) -> 0.96788194 | AD41: =U41*AC41 -> 1.9357639
A42: 172 | B42: =IFERROR(VLOOKUP(A42,Capacity!$A$3:$D$532,4,), "0") -> 22.619467 | C42: =IFERROR(VLOOKUP(A42,Capacity!$A$3:$F$532,6,), "0") -> 0.3 | D42: 171 | E42: =IFERROR(VLOOKUP(D42,Capacity!$A$3:$D$532,4,), "0") -> 291.57906 | F42: =IFERROR(VLOOKUP(D42,Capacity!$A$3:$F$532,6,), "0") -> 0.75 | G42: 175 | H42: =IFERROR(VLOOKUP(G42,Capacity!$A$3:$D$532,4,), "0") -> 17.649467 | I42: =IFERROR(VLOOKUP(G42,Capacity!$A$3:$F$532,6,), "0") -> 0.265 | K42: =IFERROR(VLOOKUP(J42,Capacity!$A$3:$D$532,4,), "0") -> 0 | L42: =IFERROR(VLOOKUP(J42,Capacity!$A$3:$F$532,6,), "0") -> 0 | M42: =$E42+$H42+$K42 -> 309.22853 | N42: =$F42+$I42+$L42 -> 1.015 | O42: 166 | P42: =IFERROR(VLOOKUP(O42,Capacity!$A$3:$D$532,4,), "0") -> 47.432943 | Q42: =IFERROR(VLOOKUP(O42,Capacity!$A$3:$F$532,6,), "0") -> 0.265 | R42: =$P42 -> 47.432943 | S42: =$Q42 -> 0.265 | T42: 172 | U42: 2 | V42: 2 | W42: 1 | X42: =($M42/$R42) -> 6.5192777 | Y42: =($M42/$B42) -> 13.670903 | Z42: =($N42/$S42) -> 3.8301887 | AA42: =($N42/$C42) -> 3.3833333 | AC42: =$M42/($R42+$B42) -> 4.4142454 | AD42: =U42*AC42 -> 8.8284909
A43: 165 | B43: =IFERROR(VLOOKUP(A43,Capacity!$A$3:$D$532,4,), "0") -> 15.87486 | C43: =IFERROR(VLOOKUP(A43,Capacity!$A$3:$F$532,6,), "0") -> 0.175 | D43: 452 | E43: =IFERROR(VLOOKUP(D43,Capacity!$A$3:$D$532,4,), "0") -> 15.87486 | F43: =IFERROR(VLOOKUP(D43,Capacity!$A$3:$F$532,6,), "0") -> 0.175 | H43: =IFERROR(VLOOKUP(G43,Capacity!$A$3:$D$532,4,), "0") -> 0 | I43: =IFERROR(VLOOKUP(G43,Capacity!$A$3:$F$532,6,), "0") -> 0 | K43: =IFERROR(VLOOKUP(J43,Capacity!$A$3:$D$532,4,), "0") -> 0 | L43: =IFERROR(VLOOKUP(J43,Capacity!$A$3:$F$532,6,), "0") -> 0 | M43: =$E43+$H43+$K43 -> 15.87486 | N43: =$F43+$I43+$L43 -> 0.175 | O43: 166 | P43: =IFERROR(VLOOKUP(O43,Capacity!$A$3:$D$532,4,), "0") -> 47.432943 | Q43: =IFERROR(VLOOKUP(O43,Capacity!$A$3:$F$532,6,), "0") -> 0.265 | R43: =$P43 -> 47.432943 | S43: =$Q43 -> 0.265 | T43: 165 | U43: 1 | V43: 1 | W43: 1 | X43: =($M43/$R43) -> 0.33468006 | Y43: =($M43/$B43) -> 1 | Z43: =($N43/$S43) -> 0.66037736 | AA43: =($N43/$C43) -> 1 | AC43: =$M43/($R43+$B43) -> 0.25075677 | AD43: =U43*AC43 -> 0.25075677
A44: 456 | B44: =IFERROR(VLOOKUP(A44,Capacity!$A$3:$D$532,4,), "0") -> 19.242255 | C44: =IFERROR(VLOOKUP(A44,Capacity!$A$3:$F$532,6,), "0") -> 0.175 | E44: =IFERROR(VLOOKUP(D44,Capacity!$A$3:$D$532,4,), "0") -> 0 | F44: =IFERROR(VLOOKUP(D44,Capacity!$A$3:$F$532,6,), "0") -> 0 | H44: =IFERROR(VLOOKUP(G44,Capacity!$A$3:$D$532,4,), "0") -> 0 | I44: =IFERROR(VLOOKUP(G44,Capacity!$A$3:$F$532,6,), "0") -> 0 | K44: =IFERROR(VLOOKUP(J44,Capacity!$A$3:$D$532,4,), "0") -> 0 | L44: =IFERROR(VLOOKUP(J44,Capacity!$A$3:$F$532,6,), "0") -> 0 | M44: =$E44+$H44+$K44 -> 0 | N44: =$F44+$I44+$L44 -> 0 | O44: 176 | P44: =IFERROR(VLOOKUP(O44,Capacity!$A$3:$D$532,4,), "0") -> 19.242255 | Q44: =IFERROR(VLOOKUP(O44,Capacity!$A$3:$F$532,6,), "0") -> 0.175 | R44: =$P44 -> 19.242255 | S44: =$Q44 -> 0.175 | T44: 456 | U44: 0 | V44: 0 | W44: 1 | X44: =($M44/$R44) -> 0 | Y44: =($M44/$B44) -> 0 | Z44: =($N44/$S44) -> 0 | AA44: =($N44/$C44) -> 0 | AC44: =$M44/($R44+$B44) -> 0 | AD44: =U44*AC44 -> 0
A45: 188 | B45: =IFERROR(VLOOKUP(A45,Capacity!$A$3:$D$532,4,), "0") -> 40.212385 | C45: =IFERROR(VLOOKUP(A45,Capacity!$A$3:$F$532,6,), "0") -> 0.4 | D45: 187 | E45: =IFERROR(VLOOKUP(D45,Capacity!$A$3:$D$532,4,), "0") -> 100.53096 | F45: =IFERROR(VLOOKUP(D45,Capacity!$A$3:$F$532,6,), "0") -> 0.4 | G45: 195 | H45: =IFERROR(VLOOKUP(G45,Capacity!$A$3:$D$532,4,), "0") -> 20.734511 | I45: =IFERROR(VLOOKUP(G45,Capacity!$A$3:$F$532,6,), "0") -> 0.2 | K45: =IFERROR(VLOOKUP(J45,Capacity!$A$3:$D$532,4,), "0") -> 0 | L45: =IFERROR(VLOOKUP(J45,Capacity!$A$3:$F$532,6,), "0") -> 0 | M45: =$E45+$H45+$K45 -> 121.26547 | N45: =$F45+$I45+$L45 -> 0.6 | O45: 183 | P45: =IFERROR(VLOOKUP(O45,Capacity!$A$3:$D$532,4,), "0") -> 40.212385 | Q45: =IFERROR(VLOOKUP(O45,Capacity!$A$3:$F$532,6,), "0") -> 0.4 | R45: =$P45 -> 40.212385 | S45: =$Q45 -> 0.4 | T45: 188 | U45: 2 | V45: 2 | W45: 1 | X45: =($M45/$R45) -> 3.015625 | Y45: =($M45/$B45) -> 3.015625 | Z45: =($N45/$S45) -> 1.5 | AA45: =($N45/$C45) -> 1.5 | AC45: =$M45/($R45+$B45) -> 1.5078125 | AD45: =U45*AC45 -> 3.015625
A46: 182 | B46: =IFERROR(VLOOKUP(A46,Capacity!$A$3:$D$532,4,), "0") -> 19.242255 | C46: =IFERROR(VLOOKUP(A46,Capacity!$A$3:$F$532,6,), "0") -> 0.175 | E46: =IFERROR(VLOOKUP(D46,Capacity!$A$3:$D$532,4,), "0") -> 0 | F46: =IFERROR(VLOOKUP(D46,Capacity!$A$3:$F$532,6,), "0") -> 0 | H46: =IFERROR(VLOOKUP(G46,Capacity!$A$3:$D$532,4,), "0") -> 0 | I46: =IFERROR(VLOOKUP(G46,Capacity!$A$3:$F$532,6,), "0") -> 0 | K46: =IFERROR(VLOOKUP(J46,Capacity!$A$3:$D$532,4,), "0") -> 0 | L46: =IFERROR(VLOOKUP(J46,Capacity!$A$3:$F$532,6,), "0") -> 0 | M46: =$E46+$H46+$K46 -> 0 | N46: =$F46+$I46+$L46 -> 0 | O46: 183 | P46: =IFERROR(VLOOKUP(O46,Capacity!$A$3:$D$532,4,), "0") -> 40.212385 | Q46: =IFERROR(VLOOKUP(O46,Capacity!$A$3:$F$532,6,), "0") -> 0.4 | R46: =$P46 -> 40.212385 | S46: =$Q46 -> 0.4 | T46: 182 | U46: 0 | V46: 0 | W46: 1 | X46: =($M46/$R46) -> 0 | Y46: =($M46/$B46) -> 0 | Z46: =($N46/$S46) -> 0 | AA46: =($N46/$C46) -> 0 | AC46: =$M46/($R46+$B46) -> 0 | AD46: =U46*AC46 -> 0
A47: 276 | B47: =IFERROR(VLOOKUP(A47,Capacity!$A$3:$D$532,4,), "0") -> 24.052818 | C47: =IFERROR(VLOOKUP(A47,Capacity!$A$3:$F$532,6,), "0") -> 0.175 | E47: =IFERROR(VLOOKUP(D47,Capacity!$A$3:$D$532,4,), "0") -> 0 | F47: =IFERROR(VLOOKUP(D47,Capacity!$A$3:$F$532,6,), "0") -> 0 | H47: =IFERROR(VLOOKUP(G47,Capacity!$A$3:$D$532,4,), "0") -> 0 | I47: =IFERROR(VLOOKUP(G47,Capacity!$A$3:$F$532,6,), "0") -> 0 | K47: =IFERROR(VLOOKUP(J47,Capacity!$A$3:$D$532,4,), "0") -> 0 | L47: =IFERROR(VLOOKUP(J47,Capacity!$A$3:$F$532,6,), "0") -> 0 | M47: =$E47+$H47+$K47 -> 0 | N47: =$F47+$I47+$L47 -> 0 | O47: 136 | P47: =IFERROR(VLOOKUP(O47,Capacity!$A$3:$D$532,4,), "0") -> 150.2074 | Q47: =IFERROR(VLOOKUP(O47,Capacity!$A$3:$F$532,6,), "0") -> 0.75 | R47: =$P47 -> 150.2074 | S47: =$Q47 -> 0.75 | T47: 276 | U47: 0 | V47: 0 | W47: 1 | X47: =($M47/$R47) -> 0 | Y47: =($M47/$B47) -> 0 | Z47: =($N47/$S47) -> 0 | AA47: =($N47/$C47) -> 0 | AC47: =$M47/($R47+$B47) -> 0 | AD47: =U47*AC47 -> 0
A48: 134 | B48: =IFERROR(VLOOKUP(A48,Capacity!$A$3:$D$532,4,), "0") -> 273.9076 | C48: =IFERROR(VLOOKUP(A48,Capacity!$A$3:$F$532,6,), "0") -> 0.75 | D48: 133 | E48: =IFERROR(VLOOKUP(D48,Capacity!$A$3:$D$532,4,), "0") -> 273.9076 | F48: =IFERROR(VLOOKUP(D48,Capacity!$A$3:$F$532,6,), "0") -> 0.75 | H48: =IFERROR(VLOOKUP(G48,Capacity!$A$3:$D$532,4,), "0") -> 0 | I48: =IFERROR(VLOOKUP(G48,Capacity!$A$3:$F$532,6,), "0") -> 0 | K48: =IFERROR(VLOOKUP(J48,Capacity!$A$3:$D$532,4,), "0") -> 0 | L48: =IFERROR(VLOOKUP(J48,Capacity!$A$3:$F$532,6,), "0") -> 0 | M48: =$E48+$H48+$K48 -> 273.9076 | N48: =$F48+$I48+$L48 -> 0.75 | O48: 136 | P48: =IFERROR(VLOOKUP(O48,Capacity!$A$3:$D$532,4,), "0") -> 150.2074 | Q48: =IFERROR(VLOOKUP(O48,Capacity!$A$3:$F$532,6,), "0") -> 0.75 | R48: =$P48 -> 150.2074 | S48: =$Q48 -> 0.75 | T48: 134 | U48: 1 | V48: 1 | W48: 1 | X48: =($M48/$R48) -> 1.8235294 | Y48: =($M48/$B48) -> 1 | Z48: =($N48/$S48) -> 1 | AA48: =($N48/$C48) -> 1 | AC48: =$M48/($R48+$B48) -> 0.64583333 | AD48: =U48*AC48 -> 0.64583333
A49: 128 | B49: =IFERROR(VLOOKUP(A49,Capacity!$A$3:$D$532,4,), "0") -> 31.101767 | C49: =IFERROR(VLOOKUP(A49,Capacity!$A$3:$F$532,6,), "0") -> 0.3 | D49: 127 | E49: =IFERROR(VLOOKUP(D49,Capacity!$A$3:$D$532,4,), "0") -> 45.238933 | F49: =IFERROR(VLOOKUP(D49,Capacity!$A$3:$F$532,6,), "0") -> 0.3 | G49: 129 | H49: =IFERROR(VLOOKUP(G49,Capacity!$A$3:$D$532,4,), "0") -> 15.393804 | I49: =IFERROR(VLOOKUP(G49,Capacity!$A$3:$F$532,6,), "0") -> 0.175 | K49: =IFERROR(VLOOKUP(J49,Capacity!$A$3:$D$532,4,), "0") -> 0 | L49: =IFERROR(VLOOKUP(J49,Capacity!$A$3:$F$532,6,), "0") -> 0 | M49: =$E49+$H49+$K49 -> 60.632737 | N49: =$F49+$I49+$L49 -> 0.475 | O49: 136 | P49: =IFERROR(VLOOKUP(O49,Capacity!$A$3:$D$532,4,), "0") -> 150.2074 | Q49: =IFERROR(VLOOKUP(O49,Capacity!$A$3:$F$532,6,), "0") -> 0.75 | R49: =$P49 -> 150.2074 | S49: =$Q49 -> 0.75 | T49: 128 | U49: 2 | V49: 2 | W49: 1 | X49: =($M49/$R49) -> 0.40366013 | Y49: =($M49/$B49) -> 1.9494949 | Z49: =($N49/$S49) -> 0.63333333 | AA49: =($N49/$C49) -> 1.5833333 | AC49: =$M49/($R49+$B49) -> 0.33441629 | AD49: =U49*AC49 -> 0.66883258
A50: 139 | B50: =IFERROR(VLOOKUP(A50,Capacity!$A$3:$D$532,4,), "0") -> 48.066367 | C50: =IFERROR(VLOOKUP(A50,Capacity!$A$3:$F$532,6,), "0") -> 0.3 | D50: 140 | E50: =IFERROR(VLOOKUP(D50,Capacity!$A$3:$D$532,4,), "0") -> 45.238933 | F50: =IFERROR(VLOOKUP(D50,Capacity!$A$3:$F$532,6,), "0") -> 0.3 | H50: =IFERROR(VLOOKUP(G50,Capacity!$A$3:$D$532,4,), "0") -> 0 | I50: =IFERROR(VLOOKUP(G50,Capacity!$A$3:$F$532,6,), "0") -> 0 | K50: =IFERROR(VLOOKUP(J50,Capacity!$A$3:$D$532,4,), "0") -> 0 | L50: =IFERROR(VLOOKUP(J50,Capacity!$A$3:$F$532,6,), "0") -> 0 | M50: =$E50+$H50+$K50 -> 45.238933 | N50: =$F50+$I50+$L50 -> 0.3 | O50: 138 | P50: =IFERROR(VLOOKUP(O50,Capacity!$A$3:$D$532,4,), "0") -> 48.066367 | Q50: =IFERROR(VLOOKUP(O50,Capacity!$A$3:$F$532,6,), "0") -> 0.3 | R50: =$P50 -> 48.066367 | S50: =$Q50 -> 0.3 | T50: 139 | U50: 1 | V50: 1 | W50: 1 | X50: =($M50/$R50) -> 0.94117647 | Y50: =($M50/$B50) -> 0.94117647 | Z50: =($N50/$S50) -> 1 | AA50: =($N50/$C50) -> 1 | AC50: =$M50/($R50+$B50) -> 0.47058824 | AD50: =U50*AC50 -> 0.47058824
A51: 141 | B51: =IFERROR(VLOOKUP(A51,Capacity!$A$3:$D$532,4,), "0") -> 17.799086 | C51: =IFERROR(VLOOKUP(A51,Capacity!$A$3:$F$532,6,), "0") -> 0.175 | D51: 444 | E51: =IFERROR(VLOOKUP(D51,Capacity!$A$3:$D$532,4,), "0") -> 7.6969019 | F51: =IFERROR(VLOOKUP(D51,Capacity!$A$3:$F$532,6,), "0") -> 0.175 | G51: 91 | H51: =IFERROR(VLOOKUP(G51,Capacity!$A$3:$D$532,4,), "0") -> 21.16648 | I51: =IFERROR(VLOOKUP(G51,Capacity!$A$3:$F$532,6,), "0") -> 0.175 | K51: =IFERROR(VLOOKUP(J51,Capacity!$A$3:$D$532,4,), "0") -> 0 | L51: =IFERROR(VLOOKUP(J51,Capacity!$A$3:$F$532,6,), "0") -> 0 | M51: =$E51+$H51+$K51 -> 28.863382 | N51: =$F51+$I51+$L51 -> 0.35 | O51: 142 | P51: =IFERROR(VLOOKUP(O51,Capacity!$A$3:$D$532,4,), "0") -> 17.799086 | Q51: =IFERROR(VLOOKUP(O51,Capacity!$A$3:$F$532,6,), "0") -> 0.175 | R51: =$P51 -> 17.799086 | S51: =$Q51 -> 0.175 | T51: 141 | U51: 2 | V51: 2 | W51: 1 | X51: =($M51/$R51) -> 1.6216216 | Y51: =($M51/$B51) -> 1.6216216 | Z51: =($N51/$S51) -> 2 | AA51: =($N51/$C51) -> 2 | AC51: =$M51/($R51+$B51) -> 0.81081081 | AD51: =U51*AC51 -> 1.6216216
A52: 445 | B52: =IFERROR(VLOOKUP(A52,Capacity!$A$3:$D$532,4,), "0") -> 7.6969019 | C52: =IFERROR(VLOOKUP(A52,Capacity!$A$3:$F$532,6,), "0") -> 0.175 | E52: =IFERROR(VLOOKUP(D52,Capacity!$A$3:$D$532,4,), "0") -> 0 | F52: =IFERROR(VLOOKUP(D52,Capacity!$A$3:$F$532,6,), "0") -> 0 | H52: =IFERROR(VLOOKUP(G52,Capacity!$A$3:$D$532,4,), "0") -> 0 | I52: =IFERROR(VLOOKUP(G52,Capacity!$A$3:$F$532,6,), "0") -> 0 | K52: =IFERROR(VLOOKUP(J52,Capacity!$A$3:$D$532,4,), "0") -> 0 | L52: =IFERROR(VLOOKUP(J52,Capacity!$A$3:$F$532,6,), "0") -> 0 | M52: =$E52+$H52+$K52 -> 0 | N52: =$F52+$I52+$L52 -> 0 | O52: 145 | P52: =IFERROR(VLOOKUP(O52,Capacity!$A$3:$D$532,4,), "0") -> 23.876104 | Q52: =IFERROR(VLOOKUP(O52,Capacity!$A$3:$F$532,6,), "0") -> 0.2 | R52: =$P52 -> 23.876104 | S52: =$Q52 -> 0.2 | T52: 445 | U52: 0 | V52: 0 | W52: 1 | X52: =($M52/$R52) -> 0 | Y52: =($M52/$B52) -> 0 | Z52: =($N52/$S52) -> 0 | AA52: =($N52/$C52) -> 0 | AC52: =$M52/($R52+$B52) -> 0 | AD52: =U52*AC52 -> 0
A53: 89 | B53: =IFERROR(VLOOKUP(A53,Capacity!$A$3:$D$532,4,), "0") -> 27.646015 | C53: =IFERROR(VLOOKUP(A53,Capacity!$A$3:$F$532,6,), "0") -> 0.2 | D53: 421 | E53: =IFERROR(VLOOKUP(D53,Capacity!$A$3:$D$532,4,), "0") -> 7.6969019 | F53: =IFERROR(VLOOKUP(D53,Capacity!$A$3:$F$532,6,), "0") -> 0.175 | G53: 50 | H53: =IFERROR(VLOOKUP(G53,Capacity!$A$3:$D$532,4,), "0") -> 28.274333 | I53: =IFERROR(VLOOKUP(G53,Capacity!$A$3:$F$532,6,), "0") -> 0.2 | K53: =IFERROR(VLOOKUP(J53,Capacity!$A$3:$D$532,4,), "0") -> 0 | L53: =IFERROR(VLOOKUP(J53,Capacity!$A$3:$F$532,6,), "0") -> 0 | M53: =$E53+$H53+$K53 -> 35.971235 | N53: =$F53+$I53+$L53 -> 0.375 | O53: 145 | P53: =IFERROR(VLOOKUP(O53,Capacity!$A$3:$D$532,4,), "0") -> 23.876104 | Q53: =IFERROR(VLOOKUP(O53,Capacity!$A$3:$F$532,6,), "0") -> 0.2 | R53: =$P53 -> 23.876104 | S53: =$Q53 -> 0.2 | T53: 89 | U53: 2 | V53: 2 | W53: 1 | X53: =($M53/$R53) -> 1.5065789 | Y53: =($M53/$B53) -> 1.3011364 | Z53: =($N53/$S53) -> 1.875 | AA53: =($N53/$C53) -> 1.875 | AC53: =$M53/($R53+$B53) -> 0.69817073 | AD53: =U53*AC53 -> 1.3963415
A54: 420 | B54: =IFERROR(VLOOKUP(A54,Capacity!$A$3:$D$532,4,), "0") -> 7.6969019 | C54: =IFERROR(VLOOKUP(A54,Capacity!$A$3:$F$532,6,), "0") -> 0.175 | E54: =IFERROR(VLOOKUP(D54,Capacity!$A$3:$D$532,4,), "0") -> 0 | F54: =IFERROR(VLOOKUP(D54,Capacity!$A$3:$F$532,6,), "0") -> 0 | H54: =IFERROR(VLOOKUP(G54,Capacity!$A$3:$D$532,4,), "0") -> 0 | I54: =IFERROR(VLOOKUP(G54,Capacity!$A$3:$F$532,6,), "0") -> 0 | K54: =IFERROR(VLOOKUP(J54,Capacity!$A$3:$D$532,4,), "0") -> 0 | L54: =IFERROR(VLOOKUP(J54,Capacity!$A$3:$F$532,6,), "0") -> 0 | M54: =$E54+$H54+$K54 -> 0 | N54: =$F54+$I54+$L54 -> 0 | O54: 88 | P54: =IFERROR(VLOOKUP(O54,Capacity!$A$3:$D$532,4,), "0") -> 172.78759 | Q54: =IFERROR(VLOOKUP(O54,Capacity!$A$3:$F$532,6,), "0") -> 0.5 | R54: =$P54 -> 172.78759 | S54: =$Q54 -> 0.5 | T54: 420 | U54: 0 | V54: 0 | W54: 1 | X54: =($M54/$R54) -> 0 | Y54: =($M54/$B54) -> 0 | Z54: =($N54/$S54) -> 0 | AA54: =($N54/$C54) -> 0 | AC54: =$M54/($R54+$B54) -> 0 | AD54: =U54*AC54 -> 0
A55: 49 | B55: =IFERROR(VLOOKUP(A55,Capacity!$A$3:$D$532,4,), "0") -> 21.647537 | C55: =IFERROR(VLOOKUP(A55,Capacity!$A$3:$F$532,6,), "0") -> 0.175 | D55: 375 | E55: =IFERROR(VLOOKUP(D55,Capacity!$A$3:$D$532,4,), "0") -> 7.6969019 | F55: =IFERROR(VLOOKUP(D55,Capacity!$A$3:$F$532,6,), "0") -> 0.175 | G55: 22 | H55: =IFERROR(VLOOKUP(G55,Capacity!$A$3:$D$532,4,), "0") -> 24.052818 | I55: =IFERROR(VLOOKUP(G55,Capacity!$A$3:$F$532,6,), "0") -> 0.175 | K55: =IFERROR(VLOOKUP(J55,Capacity!$A$3:$D$532,4,), "0") -> 0 | L55: =IFERROR(VLOOKUP(J55,Capacity!$A$3:$F$532,6,), "0") -> 0 | M55: =$E55+$H55+$K55 -> 31.74972 | N55: =$F55+$I55+$L55 -> 0.35 | O55: 88 | P55: =IFERROR(VLOOKUP(O55,Capacity!$A$3:$D$532,4,), "0") -> 172.78759 | Q55: =IFERROR(VLOOKUP(O55,Capacity!$A$3:$F$532,6,), "0") -> 0.5 | R55: =$P55 -> 172.78759 | S55: =$Q55 -> 0.5 | T55: 49 | U55: 2 | V55: 2 | W55: 1 | X55: =($M55/$R55) -> 0.18375 | Y55: =($M55/$B55) -> 1.4666667 | Z55: =($N55/$S55) -> 0.7 | AA55: =($N55/$C55) -> 2 | AC55: =$M55/($R55+$B55) -> 0.1632921 | AD55: =U55*AC55 -> 0.3265842
A56: 374 | B56: =IFERROR(VLOOKUP(A56,Capacity!$A$3:$D$532,4,), "0") -> 7.6969019 | C56: =IFERROR(VLOOKUP(A56,Capacity!$A$3:$F$532,6,), "0") -> 0.175 | E56: =IFERROR(VLOOKUP(D56,Capacity!$A$3:$D$532,4,), "0") -> 0 | F56: =IFERROR(VLOOKUP(D56,Capacity!$A$3:$F$532,6,), "0") -> 0 | H56: =IFERROR(VLOOKUP(G56,Capacity!$A$3:$D$532,4,), "0") -> 0 | I56: =IFERROR(VLOOKUP(G56,Capacity!$A$3:$F$532,6,), "0") -> 0 | K56: =IFERROR(VLOOKUP(J56,Capacity!$A$3:$D$532,4,), "0") -> 0 | L56: =IFERROR(VLOOKUP(J56,Capacity!$A$3:$F$532,6,), "0") -> 0 | M56: =$E56+$H56+$K56 -> 0 | N56: =$F56+$I56+$L56 -> 0 | O56: 48 | P56: =IFERROR(VLOOKUP(O56,Capacity!$A$3:$D$532,4,), "0") -> 397.60781 | Q56: =IFERROR(VLOOKUP(O56,Capacity!$A$3:$F$532,6,), "0") -> 0.75 | R56: =$P56 -> 397.60781 | S56: =$Q56 -> 0.75 | T56: 374 | U56: 0 | V56: 0 | W56: 1 | X56: =($M56/$R56) -> 0 | Y56: =($M56/$B56) -> 0 | Z56: =($N56/$S56) -> 0 | AA56: =($N56/$C56) -> 0 | AC56: =$M56/($R56+$B56) -> 0 | AD56: =U56*AC56 -> 0
A57: 47 | B57: =IFERROR(VLOOKUP(A57,Capacity!$A$3:$D$532,4,), "0") -> 141.37167 | C57: =IFERROR(VLOOKUP(A57,Capacity!$A$3:$F$532,6,), "0") -> 0.75 | D57: 25 | E57: =IFERROR(VLOOKUP(D57,Capacity!$A$3:$D$532,4,), "0") -> 424.115 | F57: =IFERROR(VLOOKUP(D57,Capacity!$A$3:$F$532,6,), "0") -> 0.75 | G57: 45 | H57: =IFERROR(VLOOKUP(G57,Capacity!$A$3:$D$532,4,), "0") -> 40.212385 | I57: =IFERROR(VLOOKUP(G57,Capacity!$A$3:$F$532,6,), "0") -> 0.4 | J57: 418 | K57: =IFERROR(VLOOKUP(J57,Capacity!$A$3:$D$532,4,), "0") -> 21.647537 | L57: =IFERROR(VLOOKUP(J57,Capacity!$A$3:$F$532,6,), "0") -> 0.175 | M57: =$E57+$H57+$K57 -> 485.97492 | N57: =$F57+$I57+$L57 -> 1.325 | O57: 48 | P57: =IFERROR(VLOOKUP(O57,Capacity!$A$3:$D$532,4,), "0") -> 397.60781 | Q57: =IFERROR(VLOOKUP(O57,Capacity!$A$3:$F$532,6,), "0") -> 0.75 | R57: =$P57 -> 397.60781 | S57: =$Q57 -> 0.75 | T57: 47 | U57: 3 | V57: 3 | W57: 1 | X57: =($M57/$R57) -> 1.2222469 | Y57: =($M57/$B57) -> 3.4375694 | Z57: =($N57/$S57) -> 1.7666667 | AA57: =($N57/$C57) -> 1.7666667 | AC57: =$M57/($R57+$B57) -> 0.90165756 | AD57: =U57*AC57 -> 2.7049727
A58: 23 | B58: =IFERROR(VLOOKUP(A58,Capacity!$A$3:$D$532,4,), "0") -> 125.6637 | C58: =IFERROR(VLOOKUP(A58,Capacity!$A$3:$F$532,6,), "0") -> 0.4 | D58: 348 | E58: =IFERROR(VLOOKUP(D58,Capacity!$A$3:$D$532,4,), "0") -> 108.07079 | F58: =IFERROR(VLOOKUP(D58,Capacity!$A$3:$F$532,6,), "0") -> 0.4 | G58: 365 | H58: =IFERROR(VLOOKUP(G58,Capacity!$A$3:$D$532,4,), "0") -> 3.8484509 | I58: =IFERROR(VLOOKUP(G58,Capacity!$A$3:$F$532,6,), "0") -> 0.175 | K58: =IFERROR(VLOOKUP(J58,Capacity!$A$3:$D$532,4,), "0") -> 0 | L58: =IFERROR(VLOOKUP(J58,Capacity!$A$3:$F$532,6,), "0") -> 0 | M58: =$E58+$H58+$K58 -> 111.91924 | N58: =$F58+$I58+$L58 -> 0.575 | O58: 48 | P58: =IFERROR(VLOOKUP(O58,Capacity!$A$3:$D$532,4,), "0") -> 397.60781 | Q58: =IFERROR(VLOOKUP(O58,Capacity!$A$3:$F$532,6,), "0") -> 0.75 | R58: =$P58 -> 397.60781 | S58: =$Q58 -> 0.75 | T58: 23 | U58: 2 | V58: 2 | W58: 1 | X58: =($M58/$R58) -> 0.28148148 | Y58: =($M58/$B58) -> 0.890625 | Z58: =($N58/$S58) -> 0.76666667 | AA58: =($N58/$C58) -> 1.4375 | AC58: =$M58/($R58+$B58) -> 0.21388368 | AD58: =U58*AC58 -> 0.42776735
A59: 85 | B59: =IFERROR(VLOOKUP(A59,Capacity!$A$3:$D$532,4,), "0") -> 90.477867 | C59: =IFERROR(VLOOKUP(A59,Capacity!$A$3:$F$532,6,), "0") -> 0.6 | D59: 84 | E59: =IFERROR(VLOOKUP(D59,Capacity!$A$3:$D$532,4,), "0") -> 90.477867 | F59: =IFERROR(VLOOKUP(D59,Capacity!$A$3:$F$532,6,), "0") -> 0.6 | H59: =IFERROR(VLOOKUP(G59,Capacity!$A$3:$D$532,4,), "0") -> 0 | I59: =IFERROR(VLOOKUP(G59,Capacity!$A$3:$F$532,6,), "0") -> 0 | K59: =IFERROR(VLOOKUP(J59,Capacity!$A$3:$D$532,4,), "0") -> 0 | L59: =IFERROR(VLOOKUP(J59,Capacity!$A$3:$F$532,6,), "0") -> 0 | M59: =$E59+$H59+$K59 -> 90.477867 | N59: =$F59+$I59+$L59 -> 0.6 | O59: 86 | P59: =IFERROR(VLOOKUP(O59,Capacity!$A$3:$D$532,4,), "0") -> 90.477867 | Q59: =IFERROR(VLOOKUP(O59,Capacity!$A$3:$F$532,6,), "0") -> 0.6 | R59: =$P59 -> 90.477867 | S59: =$Q59 -> 0.6 | T59: 85 | U59: 1 | V59: 1 | W59: 1 | X59: =($M59/$R59) -> 1 | Y59: =($M59/$B59) -> 1 | Z59: =($N59/$S59) -> 1 | AA59: =($N59/$C59) -> 1 | AC59: =$M59/($R59+$B59) -> 0.5 | AD59: =U59*AC59 -> 0.5
A60: 417 | B60: =IFERROR(VLOOKUP(A60,Capacity!$A$3:$D$532,4,), "0") -> 21.16648 | C60: =IFERROR(VLOOKUP(A60,Capacity!$A$3:$F$532,6,), "0") -> 0.175 | E60: =IFERROR(VLOOKUP(D60,Capacity!$A$3:$D$532,4,), "0") -> 0 | F60: =IFERROR(VLOOKUP(D60,Capacity!$A$3:$F$532,6,), "0") -> 0 | H60: =IFERROR(VLOOKUP(G60,Capacity!$A$3:$D$532,4,), "0") -> 0 | I60: =IFERROR(VLOOKUP(G60,Capacity!$A$3:$F$532,6,), "0") -> 0 | K60: =IFERROR(VLOOKUP(J60,Capacity!$A$3:$D$532,4,), "0") -> 0 | L60: =IFERROR(VLOOKUP(J60,Capacity!$A$3:$F$532,6,), "0") -> 0 | M60: =$E60+$H60+$K60 -> 0 | N60: =$F60+$I60+$L60 -> 0 | O60: 164 | P60: =IFERROR(VLOOKUP(O60,Capacity!$A$3:$D$532,4,), "0") -> 22.619467 | Q60: =IFERROR(VLOOKUP(O60,Capacity!$A$3:$F$532,6,), "0") -> 0.3 | R60: =$P60 -> 22.619467 | S60: =$Q60 -> 0.3 | T60: 417 | U60: 0 | V60: 0 | W60: 1 | X60: =($M60/$R60) -> 0 | Y60: =($M60/$B60) -> 0 | Z60: =($N60/$S60) -> 0 | AA60: =($N60/$C60) -> 0 | AC60: =$M60/($R60+$B60) -> 0 | AD60: =U60*AC60 -> 0
A61: 170 | B61: =IFERROR(VLOOKUP(A61,Capacity!$A$3:$D$532,4,), "0") -> 22.619467 | C61: =IFERROR(VLOOKUP(A61,Capacity!$A$3:$F$532,6,), "0") -> 0.3 | D61: 415 | E61: =IFERROR(VLOOKUP(D61,Capacity!$A$3:$D$532,4,), "0") -> 21.16648 | F61: =IFERROR(VLOOKUP(D61,Capacity!$A$3:$F$532,6,), "0") -> 0.175 | G61: 173 | H61: =IFERROR(VLOOKUP(G61,Capacity!$A$3:$D$532,4,), "0") -> 22.619467 | I61: =IFERROR(VLOOKUP(G61,Capacity!$A$3:$F$532,6,), "0") -> 0.3 | K61: =IFERROR(VLOOKUP(J61,Capacity!$A$3:$D$532,4,), "0") -> 0 | L61: =IFERROR(VLOOKUP(J61,Capacity!$A$3:$F$532,6,), "0") -> 0 | M61: =$E61+$H61+$K61 -> 43.785947 | N61: =$F61+$I61+$L61 -> 0.475 | O61: 164 | P61: =IFERROR(VLOOKUP(O61,Capacity!$A$3:$D$532,4,), "0") -> 22.619467 | Q61: =IFERROR(VLOOKUP(O61,Capacity!$A$3:$F$532,6,), "0") -> 0.3 | R61: =$P61 -> 22.619467 | S61: =$Q61 -> 0.3 | T61: 170 | U61: 2 | V61: 2 | W61: 1 | X61: =($M61/$R61) -> 1.9357639 | Y61: =($M61/$B61) -> 1.9357639 | Z61: =($N61/$S61) -> 1.5833333 | AA61: =($N61/$C61) -> 1.5833333 | AC61: =$M61/($R61+$B61) -> 0.96788194 | AD61: =U61*AC61 -> 1.9357639
A62: 452 | B62: =IFERROR(VLOOKUP(A62,Capacity!$A$3:$D$532,4,), "0") -> 15.87486 | C62: =IFERROR(VLOOKUP(A62,Capacity!$A$3:$F$532,6,), "0") -> 0.175 | E62: =IFERROR(VLOOKUP(D62,Capacity!$A$3:$D$532,4,), "0") -> 0 | F62: =IFERROR(VLOOKUP(D62,Capacity!$A$3:$F$532,6,), "0") -> 0 | H62: =IFERROR(VLOOKUP(G62,Capacity!$A$3:$D$532,4,), "0") -> 0 | I62: =IFERROR(VLOOKUP(G62,Capacity!$A$3:$F$532,6,), "0") -> 0 | K62: =IFERROR(VLOOKUP(J62,Capacity!$A$3:$D$532,4,), "0") -> 0 | L62: =IFERROR(VLOOKUP(J62,Capacity!$A$3:$F$532,6,), "0") -> 0 | M62: =$E62+$H62+$K62 -> 0 | N62: =$F62+$I62+$L62 -> 0 | O62: 165 | P62: =IFERROR(VLOOKUP(O62,Capacity!$A$3:$D$532,4,), "0") -> 15.87486 | Q62: =IFERROR(VLOOKUP(O62,Capacity!$A$3:$F$532,6,), "0") -> 0.175 | R62: =$P62 -> 15.87486 | S62: =$Q62 -> 0.175 | T62: 452 | U62: 0 | V62: 0 | W62: 1 | X62: =($M62/$R62) -> 0 | Y62: =($M62/$B62) -> 0 | Z62: =($N62/$S62) -> 0 | AA62: =($N62/$C62) -> 0 | AC62: =$M62/($R62+$B62) -> 0 | AD62: =U62*AC62 -> 0
A63: 175 | B63: =IFERROR(VLOOKUP(A63,Capacity!$A$3:$D$532,4,), "0") -> 17.649467 | C63: =IFERROR(VLOOKUP(A63,Capacity!$A$3:$F$532,6,), "0") -> 0.265 | D63: 174 | E63: =IFERROR(VLOOKUP(D63,Capacity!$A$3:$D$532,4,), "0") -> 15.87486 | F63: =IFERROR(VLOOKUP(D63,Capacity!$A$3:$F$532,6,), "0") -> 0.175 | G63: 181 | H63: =IFERROR(VLOOKUP(G63,Capacity!$A$3:$D$532,4,), "0") -> 7.6969019 | I63: =IFERROR(VLOOKUP(G63,Capacity!$A$3:$F$532,6,), "0") -> 0.175 | K63: =IFERROR(VLOOKUP(J63,Capacity!$A$3:$D$532,4,), "0") -> 0 | L63: =IFERROR(VLOOKUP(J63,Capacity!$A$3:$F$532,6,), "0") -> 0 | M63: =$E63+$H63+$K63 -> 23.571762 | N63: =$F63+$I63+$L63 -> 0.35 | O63: 172 | P63: =IFERROR(VLOOKUP(O63,Capacity!$A$3:$D$532,4,), "0") -> 22.619467 | Q63: =IFERROR(VLOOKUP(O63,Capacity!$A$3:$F$532,6,), "0") -> 0.3 | R63: =$P63 -> 22.619467 | S63: =$Q63 -> 0.3 | T63: 175 | U63: 2 | V63: 2 | W63: 1 | X63: =($M63/$R63) -> 1.0421007 | Y63: =($M63/$B63) -> 1.3355509 | Z63: =($N63/$S63) -> 1.1666667 | AA63: =($N63/$C63) -> 1.3207547 | AC63: =$M63/($R63+$B63) -> 0.58535848 | AD63: =U63*AC63 -> 1.170717
A64: 171 | B64: =IFERROR(VLOOKUP(A64,Capacity!$A$3:$D$532,4,), "0") -> 291.57906 | C64: =IFERROR(VLOOKUP(A64,Capacity!$A$3:$F$532,6,), "0") -> 0.75 | D64: 453 | E64: =IFERROR(VLOOKUP(D64,Capacity!$A$3:$D$532,4,), "0") -> 15.87486 | F64: =IFERROR(VLOOKUP(D64,Capacity!$A$3:$F$532,6,), "0") -> 0.175 | H64: =IFERROR(VLOOKUP(G64,Capacity!$A$3:$D$532,4,), "0") -> 0 | I64: =IFERROR(VLOOKUP(G64,Capacity!$A$3:$F$532,6,), "0") -> 0 | K64: =IFERROR(VLOOKUP(J64,Capacity!$A$3:$D$532,4,), "0") -> 0 | L64: =IFERROR(VLOOKUP(J64,Capacity!$A$3:$F$532,6,), "0") -> 0 | M64: =$E64+$H64+$K64 -> 15.87486 | N64: =$F64+$I64+$L64 -> 0.175 | O64: 172 | P64: =IFERROR(VLOOKUP(O64,Capacity!$A$3:$D$532,4,), "0") -> 22.619467 | Q64: =IFERROR(VLOOKUP(O64,Capacity!$A$3:$F$532,6,), "0") -> 0.3 | R64: =$P64 -> 22.619467 | S64: =$Q64 -> 0.3 | T64: 171 | U64: 1 | V64: 1 | W64: 1 | X64: =($M64/$R64) -> 0.70182292 | Y64: =($M64/$B64) -> 0.054444444 | Z64: =($N64/$S64) -> 0.58333333 | AA64: =($N64/$C64) -> 0.23333333 | AC64: =$M64/($R64+$B64) -> 0.050524934 | AD64: =U64*AC64 -> 0.050524934
A65: 195 | B65: =IFERROR(VLOOKUP(A65,Capacity!$A$3:$D$532,4,), "0") -> 20.734511 | C65: =IFERROR(VLOOKUP(A65,Capacity!$A$3:$F$532,6,), "0") -> 0.2 | D65: 464 | E65: =IFERROR(VLOOKUP(D65,Capacity!$A$3:$D$532,4,), "0") -> 19.242255 | F65: =IFERROR(VLOOKUP(D65,Capacity!$A$3:$F$532,6,), "0") -> 0.175 | G65: 216 | H65: =IFERROR(VLOOKUP(G65,Capacity!$A$3:$D$532,4,), "0") -> 14.451326 | I65: =IFERROR(VLOOKUP(G65,Capacity!$A$3:$F$532,6,), "0") -> 0.2 | K65: =IFERROR(VLOOKUP(J65,Capacity!$A$3:$D$532,4,), "0") -> 0 | L65: =IFERROR(VLOOKUP(J65,Capacity!$A$3:$F$532,6,), "0") -> 0 | M65: =$E65+$H65+$K65 -> 33.693581 | N65: =$F65+$I65+$L65 -> 0.375 | O65: 188 | P65: =IFERROR(VLOOKUP(O65,Capacity!$A$3:$D$532,4,), "0") -> 40.212385 | Q65: =IFERROR(VLOOKUP(O65,Capacity!$A$3:$F$532,6,), "0") -> 0.4 | R65: =$P65 -> 40.212385 | S65: =$Q65 -> 0.4 | T65: 195 | U65: 2 | V65: 2 | W65: 1 | X65: =($M65/$R65) -> 0.83789062 | Y65: =($M65/$B65) -> 1.625 | Z65: =($N65/$S65) -> 0.9375 | AA65: =($N65/$C65) -> 1.875 | AC65: =$M65/($R65+$B65) -> 0.55283505 | AD65: =U65*AC65 -> 1.1056701
A66: 187 | B66: =IFERROR(VLOOKUP(A66,Capacity!$A$3:$D$532,4,), "0") -> 100.53096 | C66: =IFERROR(VLOOKUP(A66,Capacity!$A$3:$F$532,6,), "0") -> 0.4 | D66: 460 | E66: =IFERROR(VLOOKUP(D66,Capacity!$A$3:$D$532,4,), "0") -> 19.242255 | F66: =IFERROR(VLOOKUP(D66,Capacity!$A$3:$F$532,6,), "0") -> 0.175 | G66: 194 | H66: =IFERROR(VLOOKUP(G66,Capacity!$A$3:$D$532,4,), "0") -> 80.424771 | I66: =IFERROR(VLOOKUP(G66,Capacity!$A$3:$F$532,6,), "0") -> 0.4 | K66: =IFERROR(VLOOKUP(J66,Capacity!$A$3:$D$532,4,), "0") -> 0 | L66: =IFERROR(VLOOKUP(J66,Capacity!$A$3:$F$532,6,), "0") -> 0 | M66: =$E66+$H66+$K66 -> 99.667025 | N66: =$F66+$I66+$L66 -> 0.575 | O66: 188 | P66: =IFERROR(VLOOKUP(O66,Capacity!$A$3:$D$532,4,), "0") -> 40.212385 | Q66: =IFERROR(VLOOKUP(O66,Capacity!$A$3:$F$532,6,), "0") -> 0.4 | R66: =$P66 -> 40.212385 | S66: =$Q66 -> 0.4 | T66: 187 | U66: 2 | V66: 2 | W66: 1 | X66: =($M66/$R66) -> 2.4785156 | Y66: =($M66/$B66) -> 0.99140625 | Z66: =($N66/$S66) -> 1.4375 | AA66: =($N66/$C66) -> 1.4375 | AC66: =$M66/($R66+$B66) -> 0.70814732 | AD66: =U66*AC66 -> 1.4162946
A67: 129 | B67: =IFERROR(VLOOKUP(A67,Capacity!$A$3:$D$532,4,), "0") -> 15.393804 | C67: =IFERROR(VLOOKUP(A67,Capacity!$A$3:$F$532,6,), "0") -> 0.175 | D67: 439 | E67: =IFERROR(VLOOKUP(D67,Capacity!$A$3:$D$532,4,), "0") -> 15.393804 | F67: =IFERROR(VLOOKUP(D67,Capacity!$A$3:$F$532,6,), "0") -> 0.175 | G67: 131 | H67: =IFERROR(VLOOKUP(G67,Capacity!$A$3:$D$532,4,), "0") -> 22.128593 | I67: =IFERROR(VLOOKUP(G67,Capacity!$A$3:$F$532,6,), "0") -> 0.175 | K67: =IFERROR(VLOOKUP(J67,Capacity!$A$3:$D$532,4,), "0") -> 0 | L67: =IFERROR(VLOOKUP(J67,Capacity!$A$3:$F$532,6,), "0") -> 0 | M67: =$E67+$H67+$K67 -> 37.522397 | N67: =$F67+$I67+$L67 -> 0.35 | O67: 128 | P67: =IFERROR(VLOOKUP(O67,Capacity!$A$3:$D$532,4,), "0") -> 31.101767 | Q67: =IFERROR(VLOOKUP(O67,Capacity!$A$3:$F$532,6,), "0") -> 0.3 | R67: =$P67 -> 31.101767 | S67: =$Q67 -> 0.3 | T67: 129 | U67: 2 | V67: 2 | W67: 1 | X67: =($M67/$R67) -> 1.2064394 | Y67: =($M67/$B67) -> 2.4375 | Z67: =($N67/$S67) -> 1.1666667 | AA67: =($N67/$C67) -> 2 | AC67: =$M67/($R67+$B67) -> 0.80701014 | AD67: =U67*AC67 -> 1.6140203
A68: 127 | B68: =IFERROR(VLOOKUP(A68,Capacity!$A$3:$D$532,4,), "0") -> 45.238933 | C68: =IFERROR(VLOOKUP(A68,Capacity!$A$3:$F$532,6,), "0") -> 0.3 | D68: 120 | E68: =IFERROR(VLOOKUP(D68,Capacity!$A$3:$D$532,4,), "0") -> 10.681415 | F68: =IFERROR(VLOOKUP(D68,Capacity!$A$3:$F$532,6,), "0") -> 0.2 | G68: 126 | H68: =IFERROR(VLOOKUP(G68,Capacity!$A$3:$D$532,4,), "0") -> 12.507466 | I68: =IFERROR(VLOOKUP(G68,Capacity!$A$3:$F$532,6,), "0") -> 0.175 | K68: =IFERROR(VLOOKUP(J68,Capacity!$A$3:$D$532,4,), "0") -> 0 | L68: =IFERROR(VLOOKUP(J68,Capacity!$A$3:$F$532,6,), "0") -> 0 | M68: =$E68+$H68+$K68 -> 23.18888 | N68: =$F68+$I68+$L68 -> 0.375 | O68: 128 | P68: =IFERROR(VLOOKUP(O68,Capacity!$A$3:$D$532,4,), "0") -> 31.101767 | Q68: =IFERROR(VLOOKUP(O68,Capacity!$A$3:$F$532,6,), "0") -> 0.3 | R68: =$P68 -> 31.101767 | S68: =$Q68 -> 0.3 | T68: 127 | U68: 2 | V68: 2 | W68: 1 | X68: =($M68/$R68) -> 0.74558081 | Y68: =($M68/$B68) -> 0.51258681 | Z68: =($N68/$S68) -> 1.25 | AA68: =($N68/$C68) -> 1.25 | AC68: =$M68/($R68+$B68) -> 0.30375514 | AD68: =U68*AC68 -> 0.60751029
A69: 133 | B69: =IFERROR(VLOOKUP(A69,Capacity!$A$3:$D$532,4,), "0") -> 273.9076 | C69: =IFERROR(VLOOKUP(A69,Capacity!$A$3:$F$532,6,), "0") -> 0.75 | D69: 132 | E69: =IFERROR(VLOOKUP(D69,Capacity!$A$3:$D$532,4,), "0") -> 175.30087 | F69: =IFERROR(VLOOKUP(D69,Capacity!$A$3:$F$532,6,), "0") -> 0.6 | H69: =IFERROR(VLOOKUP(G69,Capacity!$A$3:$D$532,4,), "0") -> 0 | I69: =IFERROR(VLOOKUP(G69,Capacity!$A$3:$F$532,6,), "0") -> 0 | K69: =IFERROR(VLOOKUP(J69,Capacity!$A$3:$D$532,4,), "0") -> 0 | L69: =IFERROR(VLOOKUP(J69,Capacity!$A$3:$F$532,6,), "0") -> 0 | M69: =$E69+$H69+$K69 -> 175.30087 | N69: =$F69+$I69+$L69 -> 0.6 | O69: 134 | P69: =IFERROR(VLOOKUP(O69,Capacity!$A$3:$D$532,4,), "0") -> 273.9076 | Q69: =IFERROR(VLOOKUP(O69,Capacity!$A$3:$F$532,6,), "0") -> 0.75 | R69: =$P69 -> 273.9076 | S69: =$Q69 -> 0.75 | T69: 133 | U69: 1 | V69: 1 | W69: 1 | X69: =($M69/$R69) -> 0.64 | Y69: =($M69/$B69) -> 0.64 | Z69: =($N69/$S69) -> 0.8 | AA69: =($N69/$C69) -> 0.8 | AC69: =$M69/($R69+$B69) -> 0.32 | AD69: =U69*AC69 -> 0.32
A70: 140 | B70: =IFERROR(VLOOKUP(A70,Capacity!$A$3:$D$532,4,), "0") -> 45.238933 | C70: =IFERROR(VLOOKUP(A70,Capacity!$A$3:$F$532,6,), "0") -> 0.3 | D70: 443 | E70: =IFERROR(VLOOKUP(D70,Capacity!$A$3:$D$532,4,), "0") -> 7.6969019 | F70: =IFERROR(VLOOKUP(D70,Capacity!$A$3:$F$532,6,), "0") -> 0.175 | G70: 92 | H70: =IFERROR(VLOOKUP(G70,Capacity!$A$3:$D$532,4,), "0") -> 48.536035 | I70: =IFERROR(VLOOKUP(G70,Capacity!$A$3:$F$532,6,), "0") -> 0.265 | K70: =IFERROR(VLOOKUP(J70,Capacity!$A$3:$D$532,4,), "0") -> 0 | L70: =IFERROR(VLOOKUP(J70,Capacity!$A$3:$F$532,6,), "0") -> 0 | M70: =$E70+$H70+$K70 -> 56.232937 | N70: =$F70+$I70+$L70 -> 0.44 | O70: 139 | P70: =IFERROR(VLOOKUP(O70,Capacity!$A$3:$D$532,4,), "0") -> 48.066367 | Q70: =IFERROR(VLOOKUP(O70,Capacity!$A$3:$F$532,6,), "0") -> 0.3 | R70: =$P70 -> 48.066367 | S70: =$Q70 -> 0.3 | T70: 140 | U70: 2 | V70: 2 | W70: 1 | X70: =($M70/$R70) -> 1.169902 | Y70: =($M70/$B70) -> 1.2430208 | Z70: =($N70/$S70) -> 1.4666667 | AA70: =($N70/$C70) -> 1.4666667 | AC70: =$M70/($R70+$B70) -> 0.60267677 | AD70: =U70*AC70 -> 1.2053535
A71: 444 | B71: =IFERROR(VLOOKUP(A71,Capacity!$A$3:$D$532,4,), "0") -> 7.6969019 | C71: =IFERROR(VLOOKUP(A71,Capacity!$A$3:$F$532,6,), "0") -> 0.175 | E71: =IFERROR(VLOOKUP(D71,Capacity!$A$3:$D$532,4,), "0") -> 0 | F71: =IFERROR(VLOOKUP(D71,Capacity!$A$3:$F$532,6,), "0") -> 0 | H71: =IFERROR(VLOOKUP(G71,Capacity!$A$3:$D$532,4,), "0") -> 0 | I71: =IFERROR(VLOOKUP(G71,Capacity!$A$3:$F$532,6,), "0") -> 0 | K71: =IFERROR(VLOOKUP(J71,Capacity!$A$3:$D$532,4,), "0") -> 0 | L71: =IFERROR(VLOOKUP(J71,Capacity!$A$3:$F$532,6,), "0") -> 0 | M71: =$E71+$H71+$K71 -> 0 | N71: =$F71+$I71+$L71 -> 0 | O71: 141 | P71: =IFERROR(VLOOKUP(O71,Capacity!$A$3:$D$532,4,), "0") -> 17.799086 | Q71: =IFERROR(VLOOKUP(O71,Capacity!$A$3:$F$532,6,), "0") -> 0.175 | R71: =$P71 -> 17.799086 | S71: =$Q71 -> 0.175 | T71: 444 | U71: 0 | V71: 0 | W71: 1 | X71: =($M71/$R71) -> 0 | Y71: =($M71/$B71) -> 0 | Z71: =($N71/$S71) -> 0 | AA71: =($N71/$C71) -> 0 | AC71: =$M71/($R71+$B71) -> 0 | AD71: =U71*AC71 -> 0
A72: 91 | B72: =IFERROR(VLOOKUP(A72,Capacity!$A$3:$D$532,4,), "0") -> 21.16648 | C72: =IFERROR(VLOOKUP(A72,Capacity!$A$3:$F$532,6,), "0") -> 0.175 | D72: 422 | E72: =IFERROR(VLOOKUP(D72,Capacity!$A$3:$D$532,4,), "0") -> 7.6969019 | F72: =IFERROR(VLOOKUP(D72,Capacity!$A$3:$F$532,6,), "0") -> 0.175 | G72: 51 | H72: =IFERROR(VLOOKUP(G72,Capacity!$A$3:$D$532,4,), "0") -> 21.647537 | I72: =IFERROR(VLOOKUP(G72,Capacity!$A$3:$F$532,6,), "0") -> 0.175 | K72: =IFERROR(VLOOKUP(J72,Capacity!$A$3:$D$532,4,), "0") -> 0 | L72: =IFERROR(VLOOKUP(J72,Capacity!$A$3:$F$532,6,), "0") -> 0 | M72: =$E72+$H72+$K72 -> 29.344438 | N72: =$F72+$I72+$L72 -> 0.35 | O72: 141 | P72: =IFERROR(VLOOKUP(O72,Capacity!$A$3:$D$532,4,), "0") -> 17.799086 | Q72: =IFERROR(VLOOKUP(O72,Capacity!$A$3:$F$532,6,), "0") -> 0.175 | R72: =$P72 -> 17.799086 | S72: =$Q72 -> 0.175 | T72: 91 | U72: 2 | V72: 2 | W72: 1 | X72: =($M72/$R72) -> 1.6486486 | Y72: =($M72/$B72) -> 1.3863636 | Z72: =($N72/$S72) -> 2 | AA72: =($N72/$C72) -> 2 | AC72: =$M72/($R72+$B72) -> 0.75308642 | AD72: =U72*AC72 -> 1.5061728
A73: 421 | B73: =IFERROR(VLOOKUP(A73,Capacity!$A$3:$D$532,4,), "0") -> 7.6969019 | C73: =IFERROR(VLOOKUP(A73,Capacity!$A$3:$F$532,6,), "0") -> 0.175 | E73: =IFERROR(VLOOKUP(D73,Capacity!$A$3:$D$532,4,), "0") -> 0 | F73: =IFERROR(VLOOKUP(D73,Capacity!$A$3:$F$532,6,), "0") -> 0 | H73: =IFERROR(VLOOKUP(G73,Capacity!$A$3:$D$532,4,), "0") -> 0 | I73: =IFERROR(VLOOKUP(G73,Capacity!$A$3:$F$532,6,), "0") -> 0 | K73: =IFERROR(VLOOKUP(J73,Capacity!$A$3:$D$532,4,), "0") -> 0 | L73: =IFERROR(VLOOKUP(J73,Capacity!$A$3:$F$532,6,), "0") -> 0 | M73: =$E73+$H73+$K73 -> 0 | N73: =$F73+$I73+$L73 -> 0 | O73: 89 | P73: =IFERROR(VLOOKUP(O73,Capacity!$A$3:$D$532,4,), "0") -> 27.646015 | Q73: =IFERROR(VLOOKUP(O73,Capacity!$A$3:$F$532,6,), "0") -> 0.2 | R73: =$P73 -> 27.646015 | S73: =$Q73 -> 0.2 | T73: 421 | U73: 0 | V73: 0 | W73: 1 | X73: =($M73/$R73) -> 0 | Y73: =($M73/$B73) -> 0 | Z73: =($N73/$S73) -> 0 | AA73: =($N73/$C73) -> 0 | AC73: =$M73/($R73+$B73) -> 0 | AD73: =U73*AC73 -> 0
A74: 50 | B74: =IFERROR(VLOOKUP(A74,Capacity!$A$3:$D$532,4,), "0") -> 28.274333 | C74: =IFERROR(VLOOKUP(A74,Capacity!$A$3:$F$532,6,), "0") -> 0.2 | D74: 376 | E74: =IFERROR(VLOOKUP(D74,Capacity!$A$3:$D$532,4,), "0") -> 7.6969019 | F74: =IFERROR(VLOOKUP(D74,Capacity!$A$3:$F$532,6,), "0") -> 0.175 | G74: 21 | H74: =IFERROR(VLOOKUP(G74,Capacity!$A$3:$D$532,4,), "0") -> 31.415926 | I74: =IFERROR(VLOOKUP(G74,Capacity!$A$3:$F$532,6,), "0") -> 0.2 | K74: =IFERROR(VLOOKUP(J74,Capacity!$A$3:$D$532,4,), "0") -> 0 | L74: =IFERROR(VLOOKUP(J74,Capacity!$A$3:$F$532,6,), "0") -> 0 | M74: =$E74+$H74+$K74 -> 39.112828 | N74: =$F74+$I74+$L74 -> 0.375 | O74: 89 | P74: =IFERROR(VLOOKUP(O74,Capacity!$A$3:$D$532,4,), "0") -> 27.646015 | Q74: =IFERROR(VLOOKUP(O74,Capacity!$A$3:$F$532,6,), "0") -> 0.2 | R74: =$P74 -> 27.646015 | S74: =$Q74 -> 0.2 | T74: 50 | U74: 2 | V74: 2 | W74: 1 | X74: =($M74/$R74) -> 1.4147727 | Y74: =($M74/$B74) -> 1.3833333 | Z74: =($N74/$S74) -> 1.875 | AA74: =($N74/$C74) -> 1.875 | AC74: =$M74/($R74+$B74) -> 0.6994382 | AD74: =U74*AC74 -> 1.3988764
A75: 375 | B75: =IFERROR(VLOOKUP(A75,Capacity!$A$3:$D$532,4,), "0") -> 7.6969019 | C75: =IFERROR(VLOOKUP(A75,Capacity!$A$3:$F$532,6,), "0") -> 0.175 | E75: =IFERROR(VLOOKUP(D75,Capacity!$A$3:$D$532,4,), "0") -> 0 | F75: =IFERROR(VLOOKUP(D75,Capacity!$A$3:$F$532,6,), "0") -> 0 | H75: =IFERROR(VLOOKUP(G75,Capacity!$A$3:$D$532,4,), "0") -> 0 | I75: =IFERROR(VLOOKUP(G75,Capacity!$A$3:$F$532,6,), "0") -> 0 | K75: =IFERROR(VLOOKUP(J75,Capacity!$A$3:$D$532,4,), "0") -> 0 | L75: =IFERROR(VLOOKUP(J75,Capacity!$A$3:$F$532,6,), "0") -> 0 | M75: =$E75+$H75+$K75 -> 0 | N75: =$F75+$I75+$L75 -> 0 | O75: 49 | P75: =IFERROR(VLOOKUP(O75,Capacity!$A$3:$D$532,4,), "0") -> 21.647537 | Q75: =IFERROR(VLOOKUP(O75,Capacity!$A$3:$F$532,6,), "0") -> 0.175 | R75: =$P75 -> 21.647537 | S75: =$Q75 -> 0.175 | T75: 375 | U75: 0 | V75: 0 | W75: 1 | X75: =($M75/$R75) -> 0 | Y75: =($M75/$B75) -> 0 | Z75: =($N75/$S75) -> 0 | AA75: =($N75/$C75) -> 0 | AC75: =$M75/($R75+$B75) -> 0 | AD75: =U75*AC75 -> 0
A76: 22 | B76: =IFERROR(VLOOKUP(A76,Capacity!$A$3:$D$532,4,), "0") -> 24.052818 | C76: =IFERROR(VLOOKUP(A76,Capacity!$A$3:$F$532,6,), "0") -> 0.175 | D76: 364 | E76: =IFERROR(VLOOKUP(D76,Capacity!$A$3:$D$532,4,), "0") -> 7.6969019 | F76: =IFERROR(VLOOKUP(D76,Capacity!$A$3:$F$532,6,), "0") -> 0.175 | H76: =IFERROR(VLOOKUP(G76,Capacity!$A$3:$D$532,4,), "0") -> 0 | I76: =IFERROR(VLOOKUP(G76,Capacity!$A$3:$F$532,6,), "0") -> 0 | K76: =IFERROR(VLOOKUP(J76,Capacity!$A$3:$D$532,4,), "0") -> 0 | L76: =IFERROR(VLOOKUP(J76,Capacity!$A$3:$F$532,6,), "0") -> 0 | M76: =$E76+$H76+$K76 -> 7.6969019 | N76: =$F76+$I76+$L76 -> 0.175 | O76: 49 | P76: =IFERROR(VLOOKUP(O76,Capacity!$A$3:$D$532,4,), "0") -> 21.647537 | Q76: =IFERROR(VLOOKUP(O76,Capacity!$A$3:$F$532,6,), "0") -> 0.175 | R76: =$P76 -> 21.647537 | S76: =$Q76 -> 0.175 | T76: 22 | U76: 1 | V76: 1 | W76: 1 | X76: =($M76/$R76) -> 0.35555556 | Y76: =($M76/$B76) -> 0.32 | Z76: =($N76/$S76) -> 1 | AA76: =($N76/$C76) -> 1 | AC76: =$M76/($R76+$B76) -> 0.16842105 | AD76: =U76*AC76 -> 0.16842105
A77: 365 | B77: =IFERROR(VLOOKUP(A77,Capacity!$A$3:$D$532,4,), "0") -> 3.8484509 | C77: =IFERROR(VLOOKUP(A77,Capacity!$A$3:$F$532,6,), "0") -> 0.175 | E77: =IFERROR(VLOOKUP(D77,Capacity!$A$3:$D$532,4,), "0") -> 0 | F77: =IFERROR(VLOOKUP(D77,Capacity!$A$3:$F$532,6,), "0") -> 0 | H77: =IFERROR(VLOOKUP(G77,Capacity!$A$3:$D$532,4,), "0") -> 0 | I77: =IFERROR(VLOOKUP(G77,Capacity!$A$3:$F$532,6,), "0") -> 0 | K77: =IFERROR(VLOOKUP(J77,Capacity!$A$3:$D$532,4,), "0") -> 0 | L77: =IFERROR(VLOOKUP(J77,Capacity!$A$3:$F$532,6,), "0") -> 0 | M77: =$E77+$H77+$K77 -> 0 | N77: =$F77+$I77+$L77 -> 0 | O77: 23 | P77: =IFERROR(VLOOKUP(O77,Capacity!$A$3:$D$532,4,), "0") -> 125.6637 | Q77: =IFERROR(VLOOKUP(O77,Capacity!$A$3:$F$532,6,), "0") -> 0.4 | R77: =$P77 -> 125.6637 | S77: =$Q77 -> 0.4 | T77: 365 | U77: 0 | V77: 0 | W77: 1 | X77: =($M77/$R77) -> 0 | Y77: =($M77/$B77) -> 0 | Z77: =($N77/$S77) -> 0 | AA77: =($N77/$C77) -> 0 | AC77: =$M77/($R77+$B77) -> 0 | AD77: =U77*AC77 -> 0
A78: 348 | B78: =IFERROR(VLOOKUP(A78,Capacity!$A$3:$D$532,4,), "0") -> 108.07079 | C78: =IFERROR(VLOOKUP(A78,Capacity!$A$3:$F$532,6,), "0") -> 0.4 | D78: 347 | E78: =IFERROR(VLOOKUP(D78,Capacity!$A$3:$D$532,4,), "0") -> 9.4247778 | F78: =IFERROR(VLOOKUP(D78,Capacity!$A$3:$F$532,6,), "0") -> 0.2 | G78: 349 | H78: =IFERROR(VLOOKUP(G78,Capacity!$A$3:$D$532,4,), "0") -> 21.20575 | I78: =IFERROR(VLOOKUP(G78,Capacity!$A$3:$F$532,6,), "0") -> 0.3 | J78: 248 | K78: =IFERROR(VLOOKUP(J78,Capacity!$A$3:$D$532,4,), "0") -> 26.474201 | L78: =IFERROR(VLOOKUP(J78,Capacity!$A$3:$F$532,6,), "0") -> 0.265 | M78: =$E78+$H78+$K78 -> 57.104729 | N78: =$F78+$I78+$L78 -> 0.765 | O78: 23 | P78: =IFERROR(VLOOKUP(O78,Capacity!$A$3:$D$532,4,), "0") -> 125.6637 | Q78: =IFERROR(VLOOKUP(O78,Capacity!$A$3:$F$532,6,), "0") -> 0.4 | R78: =$P78 -> 125.6637 | S78: =$Q78 -> 0.4 | T78: 348 | U78: 3 | V78: 3 | W78: 1 | X78: =($M78/$R78) -> 0.454425 | Y78: =($M78/$B78) -> 0.52840116 | Z78: =($N78/$S78) -> 1.9125 | AA78: =($N78/$C78) -> 1.9125 | AC78: =$M78/($R78+$B78) -> 0.24431452 | AD78: =U78*AC78 -> 0.73294355
A79: 418 | B79: =IFERROR(VLOOKUP(A79,Capacity!$A$3:$D$532,4,), "0") -> 21.647537 | C79: =IFERROR(VLOOKUP(A79,Capacity!$A$3:$F$532,6,), "0") -> 0.175 | E79: =IFERROR(VLOOKUP(D79,Capacity!$A$3:$D$532,4,), "0") -> 0 | F79: =IFERROR(VLOOKUP(D79,Capacity!$A$3:$F$532,6,), "0") -> 0 | H79: =IFERROR(VLOOKUP(G79,Capacity!$A$3:$D$532,4,), "0") -> 0 | I79: =IFERROR(VLOOKUP(G79,Capacity!$A$3:$F$532,6,), "0") -> 0 | K79: =IFERROR(VLOOKUP(J79,Capacity!$A$3:$D$532,4,), "0") -> 0 | L79: =IFERROR(VLOOKUP(J79,Capacity!$A$3:$F$532,6,), "0") -> 0 | M79: =$E79+$H79+$K79 -> 0 | N79: =$F79+$I79+$L79 -> 0 | O79: 47 | P79: =IFERROR(VLOOKUP(O79,Capacity!$A$3:$D$532,4,), "0") -> 141.37167 | Q79: =IFERROR(VLOOKUP(O79,Capacity!$A$3:$F$532,6,), "0") -> 0.75 | R79: =$P79 -> 141.37167 | S79: =$Q79 -> 0.75 | T79: 418 | U79: 0 | V79: 0 | W79: 1 | X79: =($M79/$R79) -> 0 | Y79: =($M79/$B79) -> 0 | Z79: =($N79/$S79) -> 0 | AA79: =($N79/$C79) -> 0 | AC79: =$M79/($R79+$B79) -> 0 | AD79: =U79*AC79 -> 0
A80: 45 | B80: =IFERROR(VLOOKUP(A80,Capacity!$A$3:$D$532,4,), "0") -> 40.212385 | C80: =IFERROR(VLOOKUP(A80,Capacity!$A$3:$F$532,6,), "0") -> 0.4 | D80: 368 | E80: =IFERROR(VLOOKUP(D80,Capacity!$A$3:$D$532,4,), "0") -> 23.090706 | F80: =IFERROR(VLOOKUP(D80,Capacity!$A$3:$F$532,6,), "0") -> 0.175 | G80: 416 | H80: =IFERROR(VLOOKUP(G80,Capacity!$A$3:$D$532,4,), "0") -> 21.647537 | I80: =IFERROR(VLOOKUP(G80,Capacity!$A$3:$F$532,6,), "0") -> 0.175 | J80: 44 | K80: =IFERROR(VLOOKUP(J80,Capacity!$A$3:$D$532,4,), "0") -> 40.212385 | L80: =IFERROR(VLOOKUP(J80,Capacity!$A$3:$F$532,6,), "0") -> 0.4 | M80: =$E80+$H80+$K80 -> 84.950627 | N80: =$F80+$I80+$L80 -> 0.75 | O80: 47 | P80: =IFERROR(VLOOKUP(O80,Capacity!$A$3:$D$532,4,), "0") -> 141.37167 | Q80: =IFERROR(VLOOKUP(O80,Capacity!$A$3:$F$532,6,), "0") -> 0.75 | R80: =$P80 -> 141.37167 | S80: =$Q80 -> 0.75 | T80: 45 | U80: 3 | V80: 3 | W80: 1 | X80: =($M80/$R80) -> 0.60090278 | Y80: =($M80/$B80) -> 2.1125488 | Z80: =($N80/$S80) -> 1 | AA80: =($N80/$C80) -> 1.875 | AC80: =$M80/($R80+$B80) -> 0.46783088 | AD80: =U80*AC80 -> 1.4034926
A81: 25 | B81: =IFERROR(VLOOKUP(A81,Capacity!$A$3:$D$532,4,), "0") -> 424.115 | C81: =IFERROR(VLOOKUP(A81,Capacity!$A$3:$F$532,6,), "0") -> 0.75 | D81: 26 | E81: =IFERROR(VLOOKUP(D81,Capacity!$A$3:$D$532,4,), "0") -> 70.685834 | F81: =IFERROR(VLOOKUP(D81,Capacity!$A$3:$F$532,6,), "0") -> 0.75 | G81: 366 | H81: =IFERROR(VLOOKUP(G81,Capacity!$A$3:$D$532,4,), "0") -> 7.6969019 | I81: =IFERROR(VLOOKUP(G81,Capacity!$A$3:$F$532,6,), "0") -> 0.175 | K81: =IFERROR(VLOOKUP(J81,Capacity!$A$3:$D$532,4,), "0") -> 0 | L81: =IFERROR(VLOOKUP(J81,Capacity!$A$3:$F$532,6,), "0") -> 0 | M81: =$E81+$H81+$K81 -> 78.382735 | N81: =$F81+$I81+$L81 -> 0.925 | O81: 47 | P81: =IFERROR(VLOOKUP(O81,Capacity!$A$3:$D$532,4,), "0") -> 141.37167 | Q81: =IFERROR(VLOOKUP(O81,Capacity!$A$3:$F$532,6,), "0") -> 0.75 | R81: =$P81 -> 141.37167 | S81: =$Q81 -> 0.75 | T81: 25 | U81: 2 | V81: 2 | W81: 1 | X81: =($M81/$R81) -> 0.55444444 | Y81: =($M81/$B81) -> 0.18481481 | Z81: =($N81/$S81) -> 1.2333333 | AA81: =($N81/$C81) -> 1.2333333 | AC81: =$M81/($R81+$B81) -> 0.13861111 | AD81: =U81*AC81 -> 0.27722222
A82: 84 | B82: =IFERROR(VLOOKUP(A82,Capacity!$A$3:$D$532,4,), "0") -> 90.477867 | C82: =IFERROR(VLOOKUP(A82,Capacity!$A$3:$F$532,6,), "0") -> 0.6 | D82: 83 | E82: =IFERROR(VLOOKUP(D82,Capacity!$A$3:$D$532,4,), "0") -> 90.477867 | F82: =IFERROR(VLOOKUP(D82,Capacity!$A$3:$F$532,6,), "0") -> 0.6 | H82: =IFERROR(VLOOKUP(G82,Capacity!$A$3:$D$532,4,), "0") -> 0 | I82: =IFERROR(VLOOKUP(G82,Capacity!$A$3:$F$532,6,), "0") -> 0 | K82: =IFERROR(VLOOKUP(J82,Capacity!$A$3:$D$532,4,), "0") -> 0 | L82: =IFERROR(VLOOKUP(J82,Capacity!$A$3:$F$532,6,), "0") -> 0 | M82: =$E82+$H82+$K82 -> 90.477867 | N82: =$F82+$I82+$L82 -> 0.6 | O82: 85 | P82: =IFERROR(VLOOKUP(O82,Capacity!$A$3:$D$532,4,), "0") -> 90.477867 | Q82: =IFERROR(VLOOKUP(O82,Capacity!$A$3:$F$532,6,), "0") -> 0.6 | R82: =$P82 -> 90.477867 | S82: =$Q82 -> 0.6 | T82: 84 | U82: 1 | V82: 1 | W82: 1 | X82: =($M82/$R82) -> 1 | Y82: =($M82/$B82) -> 1 | Z82: =($N82/$S82) -> 1 | AA82: =($N82/$C82) -> 1 | AC82: =$M82/($R82+$B82) -> 0.5 | AD82: =U82*AC82 -> 0.5
A83: 415 | B83: =IFERROR(VLOOKUP(A83,Capacity!$A$3:$D$532,4,), "0") -> 21.16648 | C83: =IFERROR(VLOOKUP(A83,Capacity!$A$3:$F$532,6,), "0") -> 0.175 | E83: =IFERROR(VLOOKUP(D83,Capacity!$A$3:$D$532,4,), "0") -> 0 | F83: =IFERROR(VLOOKUP(D83,Capacity!$A$3:$F$532,6,), "0") -> 0 | H83: =IFERROR(VLOOKUP(G83,Capacity!$A$3:$D$532,4,), "0") -> 0 | I83: =IFERROR(VLOOKUP(G83,Capacity!$A$3:$F$532,6,), "0") -> 0 | K83: =IFERROR(VLOOKUP(J83,Capacity!$A$3:$D$532,4,), "0") -> 0 | L83: =IFERROR(VLOOKUP(J83,Capacity!$A$3:$F$532,6,), "0") -> 0 | M83: =$E83+$H83+$K83 -> 0 | N83: =$F83+$I83+$L83 -> 0 | O83: 170 | P83: =IFERROR(VLOOKUP(O83,Capacity!$A$3:$D$532,4,), "0") -> 22.619467 | Q83: =IFERROR(VLOOKUP(O83,Capacity!$A$3:$F$532,6,), "0") -> 0.3 | R83: =$P83 -> 22.619467 | S83: =$Q83 -> 0.3 | T83: 415 | U83: 0 | V83: 0 | W83: 1 | X83: =($M83/$R83) -> 0 | Y83: =($M83/$B83) -> 0 | Z83: =($N83/$S83) -> 0 | AA83: =($N83/$C83) -> 0 | AC83: =$M83/($R83+$B83) -> 0 | AD83: =U83*AC83 -> 0
A84: 173 | B84: =IFERROR(VLOOKUP(A84,Capacity!$A$3:$D$532,4,), "0") -> 22.619467 | C84: =IFERROR(VLOOKUP(A84,Capacity!$A$3:$F$532,6,), "0") -> 0.3 | D84: 413 | E84: =IFERROR(VLOOKUP(D84,Capacity!$A$3:$D$532,4,), "0") -> 21.16648 | F84: =IFERROR(VLOOKUP(D84,Capacity!$A$3:$F$532,6,), "0") -> 0.175 | G84: 178 | H84: =IFERROR(VLOOKUP(G84,Capacity!$A$3:$D$532,4,), "0") -> 22.619467 | I84: =IFERROR(VLOOKUP(G84,Capacity!$A$3:$F$532,6,), "0") -> 0.3 | K84: =IFERROR(VLOOKUP(J84,Capacity!$A$3:$D$532,4,), "0") -> 0 | L84: =IFERROR(VLOOKUP(J84,Capacity!$A$3:$F$532,6,), "0") -> 0 | M84: =$E84+$H84+$K84 -> 43.785947 | N84: =$F84+$I84+$L84 -> 0.475 | O84: 170 | P84: =IFERROR(VLOOKUP(O84,Capacity!$A$3:$D$532,4,), "0") -> 22.619467 | Q84: =IFERROR(VLOOKUP(O84,Capacity!$A$3:$F$532,6,), "0") -> 0.3 | R84: =$P84 -> 22.619467 | S84: =$Q84 -> 0.3 | T84: 173 | U84: 2 | V84: 2 | W84: 1 | X84: =($M84/$R84) -> 1.9357639 | Y84: =($M84/$B84) -> 1.9357639 | Z84: =($N84/$S84) -> 1.5833333 | AA84: =($N84/$C84) -> 1.5833333 | AC84: =$M84/($R84+$B84) -> 0.96788194 | AD84: =U84*AC84 -> 1.9357639
